carta_id,nro_carta,titulo,pagina,total_tokens,total_palabras_unicas
01_5318583_box1_f1_Letter from Pedro Carrillo de Albornoz y Bravo de Lagunas to Diego Jos,1,"Letter from Pedro Carrillo de Albornoz y Bravo de Lagunas to Diego José, Fifth Count of Montemar (2/27/1761)",1,154,113
01_5318583_box1_f1_Letter from Pedro Carrillo de Albornoz y Bravo de Lagunas to Diego Jos,1,"Letter from Pedro Carrillo de Albornoz y Bravo de Lagunas to Diego José, Fifth Count of Montemar (2/27/1761)",2,98,80
01_5318583_box1_f1_Letter from Pedro Carrillo de Albornoz y Bravo de Lagunas to Diego Jos,1,"Letter from Pedro Carrillo de Albornoz y Bravo de Lagunas to Diego José, Fifth Count of Montemar (2/27/1761)",3,101,75
01_5318583_box1_f1_Letter from Pedro Carrillo de Albornoz y Bravo de Lagunas to Diego Jos,1,"Letter from Pedro Carrillo de Albornoz y Bravo de Lagunas to Diego José, Fifth Count of Montemar (2/27/1761)",4,90,73
01_5318583_box1_f1_Letter from Pedro Carrillo de Albornoz y Bravo de Lagunas to Diego Jos,1,"Letter from Pedro Carrillo de Albornoz y Bravo de Lagunas to Diego José, Fifth Count of Montemar (2/27/1761)",5,94,73
01_5318583_box1_f1_Letter from Pedro Carrillo de Albornoz y Bravo de Lagunas to Diego Jos,1,"Letter from Pedro Carrillo de Albornoz y Bravo de Lagunas to Diego José, Fifth Count of Montemar (2/27/1761)",6,99,73
01_5318583_box1_f1_Letter from Pedro Carrillo de Albornoz y Bravo de Lagunas to Diego Jos,1,"Letter from Pedro Carrillo de Albornoz y Bravo de Lagunas to Diego José, Fifth Count of Montemar (2/27/1761)",7,112,87
01_5318583_box1_f1_Letter from Pedro Carrillo de Albornoz y Bravo de Lagunas to Diego Jos,1,"Letter from Pedro Carrillo de Albornoz y Bravo de Lagunas to Diego José, Fifth Count of Montemar (2/27/1761)",8,95,77
01_5318583_box1_f1_Letter from Pedro Carrillo de Albornoz y Bravo de Lagunas to Diego Jos,1,"Letter from Pedro Carrillo de Albornoz y Bravo de Lagunas to Diego José, Fifth Count of Montemar (2/27/1761)",9,90,68
01_5318583_box1_f1_Letter from Pedro Carrillo de Albornoz y Bravo de Lagunas to Diego Jos,1,"Letter from Pedro Carrillo de Albornoz y Bravo de Lagunas to Diego José, Fifth Count of Montemar (2/27/1761)",10,100,74
01_5318583_box1_f1_Letter from Pedro Carrillo de Albornoz y Bravo de Lagunas to Diego Jos,1,"Letter from Pedro Carrillo de Albornoz y Bravo de Lagunas to Diego José, Fifth Count of Montemar (2/27/1761)",11,101,77
01_5318583_box1_f1_Letter from Pedro Carrillo de Albornoz y Bravo de Lagunas to Diego Jos,1,"Letter from Pedro Carrillo de Albornoz y Bravo de Lagunas to Diego José, Fifth Count of Montemar (2/27/1761)",12,109,85
02_5318583_box1_f2_Letter from Pedro Carrillo de Albornoz y Bravo de Lagunas to Diego Jos,2,"Letter from Pedro Carrillo de Albornoz y Bravo de Lagunas to Diego José, Fifth Count of Montemar (4/1/1761)",1,110,78
02_5318583_box1_f2_Letter from Pedro Carrillo de Albornoz y Bravo de Lagunas to Diego Jos,2,"Letter from Pedro Carrillo de Albornoz y Bravo de Lagunas to Diego José, Fifth Count of Montemar (4/1/1761)",2,145,107
02_5318583_box1_f2_Letter from Pedro Carrillo de Albornoz y Bravo de Lagunas to Diego Jos,2,"Letter from Pedro Carrillo de Albornoz y Bravo de Lagunas to Diego José, Fifth Count of Montemar (4/1/1761)",3,124,93
02_5318583_box1_f2_Letter from Pedro Carrillo de Albornoz y Bravo de Lagunas to Diego Jos,2,"Letter from Pedro Carrillo de Albornoz y Bravo de Lagunas to Diego José, Fifth Count of Montemar (4/1/1761)",4,70,57
03_5318583_box1_f3_Letter from Pedro Carrillo de Albornoz y Bravo de Lagunas to Diego Jos,3,"Letter from Pedro Carrillo de Albornoz y Bravo de Lagunas to Diego José, Fifth Count of Montemar (8/27/1761)",1,105,76
03_5318583_box1_f3_Letter from Pedro Carrillo de Albornoz y Bravo de Lagunas to Diego Jos,3,"Letter from Pedro Carrillo de Albornoz y Bravo de Lagunas to Diego José, Fifth Count of Montemar (8/27/1761)",2,107,81
03_5318583_box1_f3_Letter from Pedro Carrillo de Albornoz y Bravo de Lagunas to Diego Jos,3,"Letter from Pedro Carrillo de Albornoz y Bravo de Lagunas to Diego José, Fifth Count of Montemar (8/27/1761)",3,117,81
03_5318583_box1_f3_Letter from Pedro Carrillo de Albornoz y Bravo de Lagunas to Diego Jos,3,"Letter from Pedro Carrillo de Albornoz y Bravo de Lagunas to Diego José, Fifth Count of Montemar (8/27/1761)",4,118,88
03_5318583_box1_f3_Letter from Pedro Carrillo de Albornoz y Bravo de Lagunas to Diego Jos,3,"Letter from Pedro Carrillo de Albornoz y Bravo de Lagunas to Diego José, Fifth Count of Montemar (8/27/1761)",5,111,86
03_5318583_box1_f3_Letter from Pedro Carrillo de Albornoz y Bravo de Lagunas to Diego Jos,3,"Letter from Pedro Carrillo de Albornoz y Bravo de Lagunas to Diego José, Fifth Count of Montemar (8/27/1761)",6,133,98
03_5318583_box1_f3_Letter from Pedro Carrillo de Albornoz y Bravo de Lagunas to Diego Jos,3,"Letter from Pedro Carrillo de Albornoz y Bravo de Lagunas to Diego José, Fifth Count of Montemar (8/27/1761)",7,0,0
03_5318583_box1_f3_Letter from Pedro Carrillo de Albornoz y Bravo de Lagunas to Diego Jos,3,"Letter from Pedro Carrillo de Albornoz y Bravo de Lagunas to Diego José, Fifth Count of Montemar (8/27/1761)",8,0,0
04_5318583_box1_f4_Letter from Pedro Carrillo de Albornoz y Bravo de Lagunas to Diego Jos,4,"Letter from Pedro Carrillo de Albornoz y Bravo de Lagunas to Diego José, Fifth Count of Montemar (10/26/1761)",1,113,89
04_5318583_box1_f4_Letter from Pedro Carrillo de Albornoz y Bravo de Lagunas to Diego Jos,4,"Letter from Pedro Carrillo de Albornoz y Bravo de Lagunas to Diego José, Fifth Count of Montemar (10/26/1761)",2,130,96
04_5318583_box1_f4_Letter from Pedro Carrillo de Albornoz y Bravo de Lagunas to Diego Jos,4,"Letter from Pedro Carrillo de Albornoz y Bravo de Lagunas to Diego José, Fifth Count of Montemar (10/26/1761)",3,131,98
04_5318583_box1_f4_Letter from Pedro Carrillo de Albornoz y Bravo de Lagunas to Diego Jos,4,"Letter from Pedro Carrillo de Albornoz y Bravo de Lagunas to Diego José, Fifth Count of Montemar (10/26/1761)",4,141,95
04_5318583_box1_f4_Letter from Pedro Carrillo de Albornoz y Bravo de Lagunas to Diego Jos,4,"Letter from Pedro Carrillo de Albornoz y Bravo de Lagunas to Diego José, Fifth Count of Montemar (10/26/1761)",5,118,87
04_5318583_box1_f4_Letter from Pedro Carrillo de Albornoz y Bravo de Lagunas to Diego Jos,4,"Letter from Pedro Carrillo de Albornoz y Bravo de Lagunas to Diego José, Fifth Count of Montemar (10/26/1761)",6,122,93
04_5318583_box1_f4_Letter from Pedro Carrillo de Albornoz y Bravo de Lagunas to Diego Jos,4,"Letter from Pedro Carrillo de Albornoz y Bravo de Lagunas to Diego José, Fifth Count of Montemar (10/26/1761)",7,121,87
04_5318583_box1_f4_Letter from Pedro Carrillo de Albornoz y Bravo de Lagunas to Diego Jos,4,"Letter from Pedro Carrillo de Albornoz y Bravo de Lagunas to Diego José, Fifth Count of Montemar (10/26/1761)",8,121,90
04_5318583_box1_f4_Letter from Pedro Carrillo de Albornoz y Bravo de Lagunas to Diego Jos,4,"Letter from Pedro Carrillo de Albornoz y Bravo de Lagunas to Diego José, Fifth Count of Montemar (10/26/1761)",9,116,87
04_5318583_box1_f4_Letter from Pedro Carrillo de Albornoz y Bravo de Lagunas to Diego Jos,4,"Letter from Pedro Carrillo de Albornoz y Bravo de Lagunas to Diego José, Fifth Count of Montemar (10/26/1761)",10,114,83
04_5318583_box1_f4_Letter from Pedro Carrillo de Albornoz y Bravo de Lagunas to Diego Jos,4,"Letter from Pedro Carrillo de Albornoz y Bravo de Lagunas to Diego José, Fifth Count of Montemar (10/26/1761)",11,52,47
04_5318583_box1_f4_Letter from Pedro Carrillo de Albornoz y Bravo de Lagunas to Diego Jos,4,"Letter from Pedro Carrillo de Albornoz y Bravo de Lagunas to Diego José, Fifth Count of Montemar (10/26/1761)",12,0,0
05_5318583_box1_f5_Letter from Pedro Carrillo de Albornoz y Bravo de Lagunas to Diego Jos,5,"Letter from Pedro Carrillo de Albornoz y Bravo de Lagunas to Diego José, Fifth Count of Montemar (6/24/1762)",1,110,86
05_5318583_box1_f5_Letter from Pedro Carrillo de Albornoz y Bravo de Lagunas to Diego Jos,5,"Letter from Pedro Carrillo de Albornoz y Bravo de Lagunas to Diego José, Fifth Count of Montemar (6/24/1762)",2,135,99
05_5318583_box1_f5_Letter from Pedro Carrillo de Albornoz y Bravo de Lagunas to Diego Jos,5,"Letter from Pedro Carrillo de Albornoz y Bravo de Lagunas to Diego José, Fifth Count of Montemar (6/24/1762)",3,129,92
05_5318583_box1_f5_Letter from Pedro Carrillo de Albornoz y Bravo de Lagunas to Diego Jos,5,"Letter from Pedro Carrillo de Albornoz y Bravo de Lagunas to Diego José, Fifth Count of Montemar (6/24/1762)",4,110,86
05_5318583_box1_f5_Letter from Pedro Carrillo de Albornoz y Bravo de Lagunas to Diego Jos,5,"Letter from Pedro Carrillo de Albornoz y Bravo de Lagunas to Diego José, Fifth Count of Montemar (6/24/1762)",5,102,80
05_5318583_box1_f5_Letter from Pedro Carrillo de Albornoz y Bravo de Lagunas to Diego Jos,5,"Letter from Pedro Carrillo de Albornoz y Bravo de Lagunas to Diego José, Fifth Count of Montemar (6/24/1762)",6,125,94
05_5318583_box1_f5_Letter from Pedro Carrillo de Albornoz y Bravo de Lagunas to Diego Jos,5,"Letter from Pedro Carrillo de Albornoz y Bravo de Lagunas to Diego José, Fifth Count of Montemar (6/24/1762)",7,122,96
05_5318583_box1_f5_Letter from Pedro Carrillo de Albornoz y Bravo de Lagunas to Diego Jos,5,"Letter from Pedro Carrillo de Albornoz y Bravo de Lagunas to Diego José, Fifth Count of Montemar (6/24/1762)",8,166,117
05_5318583_box1_f5_Letter from Pedro Carrillo de Albornoz y Bravo de Lagunas to Diego Jos,5,"Letter from Pedro Carrillo de Albornoz y Bravo de Lagunas to Diego José, Fifth Count of Montemar (6/24/1762)",9,121,85
05_5318583_box1_f5_Letter from Pedro Carrillo de Albornoz y Bravo de Lagunas to Diego Jos,5,"Letter from Pedro Carrillo de Albornoz y Bravo de Lagunas to Diego José, Fifth Count of Montemar (6/24/1762)",10,120,86
05_5318583_box1_f5_Letter from Pedro Carrillo de Albornoz y Bravo de Lagunas to Diego Jos,5,"Letter from Pedro Carrillo de Albornoz y Bravo de Lagunas to Diego José, Fifth Count of Montemar (6/24/1762)",11,76,61
05_5318583_box1_f5_Letter from Pedro Carrillo de Albornoz y Bravo de Lagunas to Diego Jos,5,"Letter from Pedro Carrillo de Albornoz y Bravo de Lagunas to Diego José, Fifth Count of Montemar (6/24/1762)",12,0,0
"06_5318583_box1_f6_Letter from Diego José, Fifth Count of Montemar to Marquis of Lara (8",6,"Letter from Diego José, Fifth Count of Montemar to Marquis of Lara (8/10/1762)",1,119,78
"06_5318583_box1_f6_Letter from Diego José, Fifth Count of Montemar to Marquis of Lara (8",6,"Letter from Diego José, Fifth Count of Montemar to Marquis of Lara (8/10/1762)",2,133,95
"06_5318583_box1_f6_Letter from Diego José, Fifth Count of Montemar to Marquis of Lara (8",6,"Letter from Diego José, Fifth Count of Montemar to Marquis of Lara (8/10/1762)",3,140,96
"06_5318583_box1_f6_Letter from Diego José, Fifth Count of Montemar to Marquis of Lara (8",6,"Letter from Diego José, Fifth Count of Montemar to Marquis of Lara (8/10/1762)",4,141,103
"06_5318583_box1_f6_Letter from Diego José, Fifth Count of Montemar to Marquis of Lara (8",6,"Letter from Diego José, Fifth Count of Montemar to Marquis of Lara (8/10/1762)",5,140,94
"06_5318583_box1_f6_Letter from Diego José, Fifth Count of Montemar to Marquis of Lara (8",6,"Letter from Diego José, Fifth Count of Montemar to Marquis of Lara (8/10/1762)",6,133,102
"06_5318583_box1_f6_Letter from Diego José, Fifth Count of Montemar to Marquis of Lara (8",6,"Letter from Diego José, Fifth Count of Montemar to Marquis of Lara (8/10/1762)",7,189,130
"06_5318583_box1_f6_Letter from Diego José, Fifth Count of Montemar to Marquis of Lara (8",6,"Letter from Diego José, Fifth Count of Montemar to Marquis of Lara (8/10/1762)",8,179,124
"06_5318583_box1_f6_Letter from Diego José, Fifth Count of Montemar to Marquis of Lara (8",6,"Letter from Diego José, Fifth Count of Montemar to Marquis of Lara (8/10/1762)",9,166,124
"06_5318583_box1_f6_Letter from Diego José, Fifth Count of Montemar to Marquis of Lara (8",6,"Letter from Diego José, Fifth Count of Montemar to Marquis of Lara (8/10/1762)",10,173,129
"06_5318583_box1_f6_Letter from Diego José, Fifth Count of Montemar to Marquis of Lara (8",6,"Letter from Diego José, Fifth Count of Montemar to Marquis of Lara (8/10/1762)",11,174,128
"06_5318583_box1_f6_Letter from Diego José, Fifth Count of Montemar to Marquis of Lara (8",6,"Letter from Diego José, Fifth Count of Montemar to Marquis of Lara (8/10/1762)",12,169,123
"06_5318583_box1_f6_Letter from Diego José, Fifth Count of Montemar to Marquis of Lara (8",6,"Letter from Diego José, Fifth Count of Montemar to Marquis of Lara (8/10/1762)",13,174,119
"06_5318583_box1_f6_Letter from Diego José, Fifth Count of Montemar to Marquis of Lara (8",6,"Letter from Diego José, Fifth Count of Montemar to Marquis of Lara (8/10/1762)",14,178,117
"06_5318583_box1_f6_Letter from Diego José, Fifth Count of Montemar to Marquis of Lara (8",6,"Letter from Diego José, Fifth Count of Montemar to Marquis of Lara (8/10/1762)",15,162,118
"06_5318583_box1_f6_Letter from Diego José, Fifth Count of Montemar to Marquis of Lara (8",6,"Letter from Diego José, Fifth Count of Montemar to Marquis of Lara (8/10/1762)",16,155,121
"06_5318583_box1_f6_Letter from Diego José, Fifth Count of Montemar to Marquis of Lara (8",6,"Letter from Diego José, Fifth Count of Montemar to Marquis of Lara (8/10/1762)",17,157,121
"06_5318583_box1_f6_Letter from Diego José, Fifth Count of Montemar to Marquis of Lara (8",6,"Letter from Diego José, Fifth Count of Montemar to Marquis of Lara (8/10/1762)",18,152,111
"06_5318583_box1_f6_Letter from Diego José, Fifth Count of Montemar to Marquis of Lara (8",6,"Letter from Diego José, Fifth Count of Montemar to Marquis of Lara (8/10/1762)",19,152,111
"06_5318583_box1_f6_Letter from Diego José, Fifth Count of Montemar to Marquis of Lara (8",6,"Letter from Diego José, Fifth Count of Montemar to Marquis of Lara (8/10/1762)",20,22,20
"07_5318583_box1_f7_Letter from Diego José, Fifth Count of Montemar to Juan Bautista Carri",7,"Letter from Diego José, Fifth Count of Montemar to Juan Bautista Carrillo de Albornoz y Bravo de Lagunas (8/13/1762)",1,105,80
"07_5318583_box1_f7_Letter from Diego José, Fifth Count of Montemar to Juan Bautista Carri",7,"Letter from Diego José, Fifth Count of Montemar to Juan Bautista Carrillo de Albornoz y Bravo de Lagunas (8/13/1762)",2,125,89
"07_5318583_box1_f7_Letter from Diego José, Fifth Count of Montemar to Juan Bautista Carri",7,"Letter from Diego José, Fifth Count of Montemar to Juan Bautista Carrillo de Albornoz y Bravo de Lagunas (8/13/1762)",3,112,84
"07_5318583_box1_f7_Letter from Diego José, Fifth Count of Montemar to Juan Bautista Carri",7,"Letter from Diego José, Fifth Count of Montemar to Juan Bautista Carrillo de Albornoz y Bravo de Lagunas (8/13/1762)",4,105,79
"07_5318583_box1_f7_Letter from Diego José, Fifth Count of Montemar to Juan Bautista Carri",7,"Letter from Diego José, Fifth Count of Montemar to Juan Bautista Carrillo de Albornoz y Bravo de Lagunas (8/13/1762)",5,101,79
"07_5318583_box1_f7_Letter from Diego José, Fifth Count of Montemar to Juan Bautista Carri",7,"Letter from Diego José, Fifth Count of Montemar to Juan Bautista Carrillo de Albornoz y Bravo de Lagunas (8/13/1762)",6,107,78
"07_5318583_box1_f7_Letter from Diego José, Fifth Count of Montemar to Juan Bautista Carri",7,"Letter from Diego José, Fifth Count of Montemar to Juan Bautista Carrillo de Albornoz y Bravo de Lagunas (8/13/1762)",7,122,92
"07_5318583_box1_f7_Letter from Diego José, Fifth Count of Montemar to Juan Bautista Carri",7,"Letter from Diego José, Fifth Count of Montemar to Juan Bautista Carrillo de Albornoz y Bravo de Lagunas (8/13/1762)",8,0,0
"08_5318583_box1_f7b_Letter from Diego José, Fifth Count of Montemar to Juan Bautista Carri",8,"Letter from Diego José, Fifth Count of Montemar to Juan Bautista Carrillo de Albornoz y Bravo de Lagunas (8/13/1762)",1,100,74
"08_5318583_box1_f7b_Letter from Diego José, Fifth Count of Montemar to Juan Bautista Carri",8,"Letter from Diego José, Fifth Count of Montemar to Juan Bautista Carrillo de Albornoz y Bravo de Lagunas (8/13/1762)",2,112,77
"08_5318583_box1_f7b_Letter from Diego José, Fifth Count of Montemar to Juan Bautista Carri",8,"Letter from Diego José, Fifth Count of Montemar to Juan Bautista Carrillo de Albornoz y Bravo de Lagunas (8/13/1762)",3,107,78
"08_5318583_box1_f7b_Letter from Diego José, Fifth Count of Montemar to Juan Bautista Carri",8,"Letter from Diego José, Fifth Count of Montemar to Juan Bautista Carrillo de Albornoz y Bravo de Lagunas (8/13/1762)",4,119,90
"08_5318583_box1_f7b_Letter from Diego José, Fifth Count of Montemar to Juan Bautista Carri",8,"Letter from Diego José, Fifth Count of Montemar to Juan Bautista Carrillo de Albornoz y Bravo de Lagunas (8/13/1762)",5,105,83
"08_5318583_box1_f7b_Letter from Diego José, Fifth Count of Montemar to Juan Bautista Carri",8,"Letter from Diego José, Fifth Count of Montemar to Juan Bautista Carrillo de Albornoz y Bravo de Lagunas (8/13/1762)",6,115,84
"08_5318583_box1_f7b_Letter from Diego José, Fifth Count of Montemar to Juan Bautista Carri",8,"Letter from Diego José, Fifth Count of Montemar to Juan Bautista Carrillo de Albornoz y Bravo de Lagunas (8/13/1762)",7,115,88
"08_5318583_box1_f7b_Letter from Diego José, Fifth Count of Montemar to Juan Bautista Carri",8,"Letter from Diego José, Fifth Count of Montemar to Juan Bautista Carrillo de Albornoz y Bravo de Lagunas (8/13/1762)",8,0,0
"09_5318583_box1_f8_Letter from Diego José, Fifth Count of Montemar to Isabel de la Presa",9,"Letter from Diego José, Fifth Count of Montemar to Isabel de la Presa Carrillo de Albornoz (8/13/1762)",1,97,74
"09_5318583_box1_f8_Letter from Diego José, Fifth Count of Montemar to Isabel de la Presa",9,"Letter from Diego José, Fifth Count of Montemar to Isabel de la Presa Carrillo de Albornoz (8/13/1762)",2,118,86
"09_5318583_box1_f8_Letter from Diego José, Fifth Count of Montemar to Isabel de la Presa",9,"Letter from Diego José, Fifth Count of Montemar to Isabel de la Presa Carrillo de Albornoz (8/13/1762)",3,114,86
"09_5318583_box1_f8_Letter from Diego José, Fifth Count of Montemar to Isabel de la Presa",9,"Letter from Diego José, Fifth Count of Montemar to Isabel de la Presa Carrillo de Albornoz (8/13/1762)",4,122,92
"09_5318583_box1_f8_Letter from Diego José, Fifth Count of Montemar to Isabel de la Presa",9,"Letter from Diego José, Fifth Count of Montemar to Isabel de la Presa Carrillo de Albornoz (8/13/1762)",5,122,89
"09_5318583_box1_f8_Letter from Diego José, Fifth Count of Montemar to Isabel de la Presa",9,"Letter from Diego José, Fifth Count of Montemar to Isabel de la Presa Carrillo de Albornoz (8/13/1762)",6,121,93
"09_5318583_box1_f8_Letter from Diego José, Fifth Count of Montemar to Isabel de la Presa",9,"Letter from Diego José, Fifth Count of Montemar to Isabel de la Presa Carrillo de Albornoz (8/13/1762)",7,3,3
"09_5318583_box1_f8_Letter from Diego José, Fifth Count of Montemar to Isabel de la Presa",9,"Letter from Diego José, Fifth Count of Montemar to Isabel de la Presa Carrillo de Albornoz (8/13/1762)",8,0,0
"10_5318583_box1_f8b_Letter from Diego José, Fifth Count of Montemar to Isabel de la Presa",10,"Letter from Diego José, Fifth Count of Montemar to Isabel de la Presa Carrillo de Albornoz (8/13/1762)",1,115,84
"10_5318583_box1_f8b_Letter from Diego José, Fifth Count of Montemar to Isabel de la Presa",10,"Letter from Diego José, Fifth Count of Montemar to Isabel de la Presa Carrillo de Albornoz (8/13/1762)",2,121,94
"10_5318583_box1_f8b_Letter from Diego José, Fifth Count of Montemar to Isabel de la Presa",10,"Letter from Diego José, Fifth Count of Montemar to Isabel de la Presa Carrillo de Albornoz (8/13/1762)",3,112,82
"10_5318583_box1_f8b_Letter from Diego José, Fifth Count of Montemar to Isabel de la Presa",10,"Letter from Diego José, Fifth Count of Montemar to Isabel de la Presa Carrillo de Albornoz (8/13/1762)",4,120,92
"10_5318583_box1_f8b_Letter from Diego José, Fifth Count of Montemar to Isabel de la Presa",10,"Letter from Diego José, Fifth Count of Montemar to Isabel de la Presa Carrillo de Albornoz (8/13/1762)",5,112,85
"10_5318583_box1_f8b_Letter from Diego José, Fifth Count of Montemar to Isabel de la Presa",10,"Letter from Diego José, Fifth Count of Montemar to Isabel de la Presa Carrillo de Albornoz (8/13/1762)",6,108,85
"11_5318583_box1_f9_Letter from Diego José, Fifth Count of Montemar to Marquis of Lara (12",11,"Letter from Diego José, Fifth Count of Montemar to Marquis of Lara (12/14/1762)",1,82,61
"11_5318583_box1_f9_Letter from Diego José, Fifth Count of Montemar to Marquis of Lara (12",11,"Letter from Diego José, Fifth Count of Montemar to Marquis of Lara (12/14/1762)",2,93,69
"11_5318583_box1_f9_Letter from Diego José, Fifth Count of Montemar to Marquis of Lara (12",11,"Letter from Diego José, Fifth Count of Montemar to Marquis of Lara (12/14/1762)",3,92,70
"11_5318583_box1_f9_Letter from Diego José, Fifth Count of Montemar to Marquis of Lara (12",11,"Letter from Diego José, Fifth Count of Montemar to Marquis of Lara (12/14/1762)",4,106,82
"11_5318583_box1_f9_Letter from Diego José, Fifth Count of Montemar to Marquis of Lara (12",11,"Letter from Diego José, Fifth Count of Montemar to Marquis of Lara (12/14/1762)",5,79,60
"11_5318583_box1_f9_Letter from Diego José, Fifth Count of Montemar to Marquis of Lara (12",11,"Letter from Diego José, Fifth Count of Montemar to Marquis of Lara (12/14/1762)",6,0,0
"12_5318583_box1_f10_Letter from Diego José, Fifth Count of Montemar to Marquis of Lara (1",12,"Letter from Diego José, Fifth Count of Montemar to Marquis of Lara (1/4/1763)",1,217,141
"12_5318583_box1_f10_Letter from Diego José, Fifth Count of Montemar to Marquis of Lara (1",12,"Letter from Diego José, Fifth Count of Montemar to Marquis of Lara (1/4/1763)",2,260,165
"12_5318583_box1_f10_Letter from Diego José, Fifth Count of Montemar to Marquis of Lara (1",12,"Letter from Diego José, Fifth Count of Montemar to Marquis of Lara (1/4/1763)",3,253,164
"12_5318583_box1_f10_Letter from Diego José, Fifth Count of Montemar to Marquis of Lara (1",12,"Letter from Diego José, Fifth Count of Montemar to Marquis of Lara (1/4/1763)",4,253,163
"12_5318583_box1_f10_Letter from Diego José, Fifth Count of Montemar to Marquis of Lara (1",12,"Letter from Diego José, Fifth Count of Montemar to Marquis of Lara (1/4/1763)",5,290,188
"12_5318583_box1_f10_Letter from Diego José, Fifth Count of Montemar to Marquis of Lara (1",12,"Letter from Diego José, Fifth Count of Montemar to Marquis of Lara (1/4/1763)",6,297,193
"12_5318583_box1_f10_Letter from Diego José, Fifth Count of Montemar to Marquis of Lara (1",12,"Letter from Diego José, Fifth Count of Montemar to Marquis of Lara (1/4/1763)",7,269,173
"12_5318583_box1_f10_Letter from Diego José, Fifth Count of Montemar to Marquis of Lara (1",12,"Letter from Diego José, Fifth Count of Montemar to Marquis of Lara (1/4/1763)",8,277,184
"12_5318583_box1_f10_Letter from Diego José, Fifth Count of Montemar to Marquis of Lara (1",12,"Letter from Diego José, Fifth Count of Montemar to Marquis of Lara (1/4/1763)",9,250,170
"12_5318583_box1_f10_Letter from Diego José, Fifth Count of Montemar to Marquis of Lara (1",12,"Letter from Diego José, Fifth Count of Montemar to Marquis of Lara (1/4/1763)",10,250,167
"12_5318583_box1_f10_Letter from Diego José, Fifth Count of Montemar to Marquis of Lara (1",12,"Letter from Diego José, Fifth Count of Montemar to Marquis of Lara (1/4/1763)",11,91,68
"12_5318583_box1_f10_Letter from Diego José, Fifth Count of Montemar to Marquis of Lara (1",12,"Letter from Diego José, Fifth Count of Montemar to Marquis of Lara (1/4/1763)",12,0,0
"13_5318583_box1_f11_Letter from Diego José, Fifth Count of Montemar to Marquis of Lara, (8",13,"Letter from Diego José, Fifth Count of Montemar to Marquis of Lara, (8/23/1763)",1,102,72
"13_5318583_box1_f11_Letter from Diego José, Fifth Count of Montemar to Marquis of Lara, (8",13,"Letter from Diego José, Fifth Count of Montemar to Marquis of Lara, (8/23/1763)",2,111,85
"13_5318583_box1_f11_Letter from Diego José, Fifth Count of Montemar to Marquis of Lara, (8",13,"Letter from Diego José, Fifth Count of Montemar to Marquis of Lara, (8/23/1763)",3,112,86
"13_5318583_box1_f11_Letter from Diego José, Fifth Count of Montemar to Marquis of Lara, (8",13,"Letter from Diego José, Fifth Count of Montemar to Marquis of Lara, (8/23/1763)",4,112,80
"13_5318583_box1_f11_Letter from Diego José, Fifth Count of Montemar to Marquis of Lara, (8",13,"Letter from Diego José, Fifth Count of Montemar to Marquis of Lara, (8/23/1763)",5,112,81
"13_5318583_box1_f11_Letter from Diego José, Fifth Count of Montemar to Marquis of Lara, (8",13,"Letter from Diego José, Fifth Count of Montemar to Marquis of Lara, (8/23/1763)",6,114,80
"13_5318583_box1_f11_Letter from Diego José, Fifth Count of Montemar to Marquis of Lara, (8",13,"Letter from Diego José, Fifth Count of Montemar to Marquis of Lara, (8/23/1763)",7,112,84
"13_5318583_box1_f11_Letter from Diego José, Fifth Count of Montemar to Marquis of Lara, (8",13,"Letter from Diego José, Fifth Count of Montemar to Marquis of Lara, (8/23/1763)",8,118,89
"13_5318583_box1_f11_Letter from Diego José, Fifth Count of Montemar to Marquis of Lara, (8",13,"Letter from Diego José, Fifth Count of Montemar to Marquis of Lara, (8/23/1763)",9,121,83
"13_5318583_box1_f11_Letter from Diego José, Fifth Count of Montemar to Marquis of Lara, (8",13,"Letter from Diego José, Fifth Count of Montemar to Marquis of Lara, (8/23/1763)",10,103,78
"13_5318583_box1_f11_Letter from Diego José, Fifth Count of Montemar to Marquis of Lara, (8",13,"Letter from Diego José, Fifth Count of Montemar to Marquis of Lara, (8/23/1763)",11,110,86
"13_5318583_box1_f11_Letter from Diego José, Fifth Count of Montemar to Marquis of Lara, (8",13,"Letter from Diego José, Fifth Count of Montemar to Marquis of Lara, (8/23/1763)",12,111,74
"13_5318583_box1_f11_Letter from Diego José, Fifth Count of Montemar to Marquis of Lara, (8",13,"Letter from Diego José, Fifth Count of Montemar to Marquis of Lara, (8/23/1763)",13,111,83
"13_5318583_box1_f11_Letter from Diego José, Fifth Count of Montemar to Marquis of Lara, (8",13,"Letter from Diego José, Fifth Count of Montemar to Marquis of Lara, (8/23/1763)",14,110,79
"13_5318583_box1_f11_Letter from Diego José, Fifth Count of Montemar to Marquis of Lara, (8",13,"Letter from Diego José, Fifth Count of Montemar to Marquis of Lara, (8/23/1763)",15,126,97
"13_5318583_box1_f11_Letter from Diego José, Fifth Count of Montemar to Marquis of Lara, (8",13,"Letter from Diego José, Fifth Count of Montemar to Marquis of Lara, (8/23/1763)",16,122,92
"13_5318583_box1_f11_Letter from Diego José, Fifth Count of Montemar to Marquis of Lara, (8",13,"Letter from Diego José, Fifth Count of Montemar to Marquis of Lara, (8/23/1763)",17,119,86
"13_5318583_box1_f11_Letter from Diego José, Fifth Count of Montemar to Marquis of Lara, (8",13,"Letter from Diego José, Fifth Count of Montemar to Marquis of Lara, (8/23/1763)",18,124,89
"13_5318583_box1_f11_Letter from Diego José, Fifth Count of Montemar to Marquis of Lara, (8",13,"Letter from Diego José, Fifth Count of Montemar to Marquis of Lara, (8/23/1763)",19,125,86
"13_5318583_box1_f11_Letter from Diego José, Fifth Count of Montemar to Marquis of Lara, (8",13,"Letter from Diego José, Fifth Count of Montemar to Marquis of Lara, (8/23/1763)",20,111,84
"13_5318583_box1_f11_Letter from Diego José, Fifth Count of Montemar to Marquis of Lara, (8",13,"Letter from Diego José, Fifth Count of Montemar to Marquis of Lara, (8/23/1763)",21,114,86
"13_5318583_box1_f11_Letter from Diego José, Fifth Count of Montemar to Marquis of Lara, (8",13,"Letter from Diego José, Fifth Count of Montemar to Marquis of Lara, (8/23/1763)",22,115,93
"13_5318583_box1_f11_Letter from Diego José, Fifth Count of Montemar to Marquis of Lara, (8",13,"Letter from Diego José, Fifth Count of Montemar to Marquis of Lara, (8/23/1763)",23,134,96
"13_5318583_box1_f11_Letter from Diego José, Fifth Count of Montemar to Marquis of Lara, (8",13,"Letter from Diego José, Fifth Count of Montemar to Marquis of Lara, (8/23/1763)",24,123,95
"13_5318583_box1_f11_Letter from Diego José, Fifth Count of Montemar to Marquis of Lara, (8",13,"Letter from Diego José, Fifth Count of Montemar to Marquis of Lara, (8/23/1763)",25,118,92
"13_5318583_box1_f11_Letter from Diego José, Fifth Count of Montemar to Marquis of Lara, (8",13,"Letter from Diego José, Fifth Count of Montemar to Marquis of Lara, (8/23/1763)",26,122,86
"13_5318583_box1_f11_Letter from Diego José, Fifth Count of Montemar to Marquis of Lara, (8",13,"Letter from Diego José, Fifth Count of Montemar to Marquis of Lara, (8/23/1763)",27,139,91
"13_5318583_box1_f11_Letter from Diego José, Fifth Count of Montemar to Marquis of Lara, (8",13,"Letter from Diego José, Fifth Count of Montemar to Marquis of Lara, (8/23/1763)",28,117,88
"13_5318583_box1_f11_Letter from Diego José, Fifth Count of Montemar to Marquis of Lara, (8",13,"Letter from Diego José, Fifth Count of Montemar to Marquis of Lara, (8/23/1763)",29,121,83
"13_5318583_box1_f11_Letter from Diego José, Fifth Count of Montemar to Marquis of Lara, (8",13,"Letter from Diego José, Fifth Count of Montemar to Marquis of Lara, (8/23/1763)",30,97,81
"13_5318583_box1_f11_Letter from Diego José, Fifth Count of Montemar to Marquis of Lara, (8",13,"Letter from Diego José, Fifth Count of Montemar to Marquis of Lara, (8/23/1763)",31,42,35
"13_5318583_box1_f11_Letter from Diego José, Fifth Count of Montemar to Marquis of Lara, (8",13,"Letter from Diego José, Fifth Count of Montemar to Marquis of Lara, (8/23/1763)",32,0,0
"14_5318583_box1_f12_Letter from Diego José, Fifth Count of Montemar to Christobal Mesia y",14,"Letter from Diego José, Fifth Count of Montemar to Christobal Mesia y Munive, Count of Sierrabella (8/23/1763)",1,92,72
"14_5318583_box1_f12_Letter from Diego José, Fifth Count of Montemar to Christobal Mesia y",14,"Letter from Diego José, Fifth Count of Montemar to Christobal Mesia y Munive, Count of Sierrabella (8/23/1763)",2,106,85
"14_5318583_box1_f12_Letter from Diego José, Fifth Count of Montemar to Christobal Mesia y",14,"Letter from Diego José, Fifth Count of Montemar to Christobal Mesia y Munive, Count of Sierrabella (8/23/1763)",3,117,82
"14_5318583_box1_f12_Letter from Diego José, Fifth Count of Montemar to Christobal Mesia y",14,"Letter from Diego José, Fifth Count of Montemar to Christobal Mesia y Munive, Count of Sierrabella (8/23/1763)",4,105,75
"14_5318583_box1_f12_Letter from Diego José, Fifth Count of Montemar to Christobal Mesia y",14,"Letter from Diego José, Fifth Count of Montemar to Christobal Mesia y Munive, Count of Sierrabella (8/23/1763)",5,104,78
"14_5318583_box1_f12_Letter from Diego José, Fifth Count of Montemar to Christobal Mesia y",14,"Letter from Diego José, Fifth Count of Montemar to Christobal Mesia y Munive, Count of Sierrabella (8/23/1763)",6,103,84
"14_5318583_box1_f12_Letter from Diego José, Fifth Count of Montemar to Christobal Mesia y",14,"Letter from Diego José, Fifth Count of Montemar to Christobal Mesia y Munive, Count of Sierrabella (8/23/1763)",7,25,24
"14_5318583_box1_f12_Letter from Diego José, Fifth Count of Montemar to Christobal Mesia y",14,"Letter from Diego José, Fifth Count of Montemar to Christobal Mesia y Munive, Count of Sierrabella (8/23/1763)",8,0,0
"15_5318583_box1_f13_Letter from Diego José, Fifth Count of Montemar to Marquis of Lara (12",15,"Letter from Diego José, Fifth Count of Montemar to Marquis of Lara (12/6/1763)",1,140,106
"15_5318583_box1_f13_Letter from Diego José, Fifth Count of Montemar to Marquis of Lara (12",15,"Letter from Diego José, Fifth Count of Montemar to Marquis of Lara (12/6/1763)",2,171,108
"15_5318583_box1_f13_Letter from Diego José, Fifth Count of Montemar to Marquis of Lara (12",15,"Letter from Diego José, Fifth Count of Montemar to Marquis of Lara (12/6/1763)",3,162,116
"15_5318583_box1_f13_Letter from Diego José, Fifth Count of Montemar to Marquis of Lara (12",15,"Letter from Diego José, Fifth Count of Montemar to Marquis of Lara (12/6/1763)",4,165,117
"15_5318583_box1_f13_Letter from Diego José, Fifth Count of Montemar to Marquis of Lara (12",15,"Letter from Diego José, Fifth Count of Montemar to Marquis of Lara (12/6/1763)",5,172,119
"15_5318583_box1_f13_Letter from Diego José, Fifth Count of Montemar to Marquis of Lara (12",15,"Letter from Diego José, Fifth Count of Montemar to Marquis of Lara (12/6/1763)",6,186,117
"15_5318583_box1_f13_Letter from Diego José, Fifth Count of Montemar to Marquis of Lara (12",15,"Letter from Diego José, Fifth Count of Montemar to Marquis of Lara (12/6/1763)",7,170,125
"15_5318583_box1_f13_Letter from Diego José, Fifth Count of Montemar to Marquis of Lara (12",15,"Letter from Diego José, Fifth Count of Montemar to Marquis of Lara (12/6/1763)",8,175,123
"15_5318583_box1_f13_Letter from Diego José, Fifth Count of Montemar to Marquis of Lara (12",15,"Letter from Diego José, Fifth Count of Montemar to Marquis of Lara (12/6/1763)",9,179,131
"15_5318583_box1_f13_Letter from Diego José, Fifth Count of Montemar to Marquis of Lara (12",15,"Letter from Diego José, Fifth Count of Montemar to Marquis of Lara (12/6/1763)",10,154,118
"15_5318583_box1_f13_Letter from Diego José, Fifth Count of Montemar to Marquis of Lara (12",15,"Letter from Diego José, Fifth Count of Montemar to Marquis of Lara (12/6/1763)",11,162,116
"15_5318583_box1_f13_Letter from Diego José, Fifth Count of Montemar to Marquis of Lara (12",15,"Letter from Diego José, Fifth Count of Montemar to Marquis of Lara (12/6/1763)",12,161,121
"15_5318583_box1_f13_Letter from Diego José, Fifth Count of Montemar to Marquis of Lara (12",15,"Letter from Diego José, Fifth Count of Montemar to Marquis of Lara (12/6/1763)",13,147,102
"15_5318583_box1_f13_Letter from Diego José, Fifth Count of Montemar to Marquis of Lara (12",15,"Letter from Diego José, Fifth Count of Montemar to Marquis of Lara (12/6/1763)",14,132,102
"15_5318583_box1_f13_Letter from Diego José, Fifth Count of Montemar to Marquis of Lara (12",15,"Letter from Diego José, Fifth Count of Montemar to Marquis of Lara (12/6/1763)",15,13,13
"15_5318583_box1_f13_Letter from Diego José, Fifth Count of Montemar to Marquis of Lara (12",15,"Letter from Diego José, Fifth Count of Montemar to Marquis of Lara (12/6/1763)",16,0,0
"16_5318583_box1_f14_Letter from Diego José, Fifth Count of Montemar to unkown (12_13_1763)",16,"Letter from Diego José, Fifth Count of Montemar to unkown (12/13/1763)",1,127,96
"16_5318583_box1_f14_Letter from Diego José, Fifth Count of Montemar to unkown (12_13_1763)",16,"Letter from Diego José, Fifth Count of Montemar to unkown (12/13/1763)",2,151,108
"16_5318583_box1_f14_Letter from Diego José, Fifth Count of Montemar to unkown (12_13_1763)",16,"Letter from Diego José, Fifth Count of Montemar to unkown (12/13/1763)",3,146,105
"16_5318583_box1_f14_Letter from Diego José, Fifth Count of Montemar to unkown (12_13_1763)",16,"Letter from Diego José, Fifth Count of Montemar to unkown (12/13/1763)",4,143,99
"16_5318583_box1_f14_Letter from Diego José, Fifth Count of Montemar to unkown (12_13_1763)",16,"Letter from Diego José, Fifth Count of Montemar to unkown (12/13/1763)",5,150,91
"16_5318583_box1_f14_Letter from Diego José, Fifth Count of Montemar to unkown (12_13_1763)",16,"Letter from Diego José, Fifth Count of Montemar to unkown (12/13/1763)",6,156,115
"16_5318583_box1_f14_Letter from Diego José, Fifth Count of Montemar to unkown (12_13_1763)",16,"Letter from Diego José, Fifth Count of Montemar to unkown (12/13/1763)",7,140,99
"16_5318583_box1_f14_Letter from Diego José, Fifth Count of Montemar to unkown (12_13_1763)",16,"Letter from Diego José, Fifth Count of Montemar to unkown (12/13/1763)",8,142,107
"16_5318583_box1_f14_Letter from Diego José, Fifth Count of Montemar to unkown (12_13_1763)",16,"Letter from Diego José, Fifth Count of Montemar to unkown (12/13/1763)",9,152,103
"16_5318583_box1_f14_Letter from Diego José, Fifth Count of Montemar to unkown (12_13_1763)",16,"Letter from Diego José, Fifth Count of Montemar to unkown (12/13/1763)",10,144,101
"16_5318583_box1_f14_Letter from Diego José, Fifth Count of Montemar to unkown (12_13_1763)",16,"Letter from Diego José, Fifth Count of Montemar to unkown (12/13/1763)",11,137,98
"16_5318583_box1_f14_Letter from Diego José, Fifth Count of Montemar to unkown (12_13_1763)",16,"Letter from Diego José, Fifth Count of Montemar to unkown (12/13/1763)",12,135,89
"16_5318583_box1_f14_Letter from Diego José, Fifth Count of Montemar to unkown (12_13_1763)",16,"Letter from Diego José, Fifth Count of Montemar to unkown (12/13/1763)",13,141,101
"16_5318583_box1_f14_Letter from Diego José, Fifth Count of Montemar to unkown (12_13_1763)",16,"Letter from Diego José, Fifth Count of Montemar to unkown (12/13/1763)",14,95,72
17_5318583_box1_f15_Letter from Marquis of Lara to Mathias de la Vega (12_29_1763),17,Letter from Marquis of Lara to Mathias de la Vega (12/29/1763),1,104,69
17_5318583_box1_f15_Letter from Marquis of Lara to Mathias de la Vega (12_29_1763),17,Letter from Marquis of Lara to Mathias de la Vega (12/29/1763),2,128,78
17_5318583_box1_f15_Letter from Marquis of Lara to Mathias de la Vega (12_29_1763),17,Letter from Marquis of Lara to Mathias de la Vega (12/29/1763),3,115,84
17_5318583_box1_f15_Letter from Marquis of Lara to Mathias de la Vega (12_29_1763),17,Letter from Marquis of Lara to Mathias de la Vega (12/29/1763),4,3,3
"18_5318583_box1_f16_Letter from Diego José, Fifth Count of Montemar to Count of Castillejo",18,"Letter from Diego José, Fifth Count of Montemar to Count of Castillejo (7/24/1764)",1,91,72
"18_5318583_box1_f16_Letter from Diego José, Fifth Count of Montemar to Count of Castillejo",18,"Letter from Diego José, Fifth Count of Montemar to Count of Castillejo (7/24/1764)",2,101,80
"18_5318583_box1_f16_Letter from Diego José, Fifth Count of Montemar to Count of Castillejo",18,"Letter from Diego José, Fifth Count of Montemar to Count of Castillejo (7/24/1764)",3,120,85
"18_5318583_box1_f16_Letter from Diego José, Fifth Count of Montemar to Count of Castillejo",18,"Letter from Diego José, Fifth Count of Montemar to Count of Castillejo (7/24/1764)",4,122,88
"18_5318583_box1_f16_Letter from Diego José, Fifth Count of Montemar to Count of Castillejo",18,"Letter from Diego José, Fifth Count of Montemar to Count of Castillejo (7/24/1764)",5,112,79
"18_5318583_box1_f16_Letter from Diego José, Fifth Count of Montemar to Count of Castillejo",18,"Letter from Diego José, Fifth Count of Montemar to Count of Castillejo (7/24/1764)",6,110,85
"18_5318583_box1_f16_Letter from Diego José, Fifth Count of Montemar to Count of Castillejo",18,"Letter from Diego José, Fifth Count of Montemar to Count of Castillejo (7/24/1764)",7,99,78
"18_5318583_box1_f16_Letter from Diego José, Fifth Count of Montemar to Count of Castillejo",18,"Letter from Diego José, Fifth Count of Montemar to Count of Castillejo (7/24/1764)",8,105,85
"18_5318583_box1_f16_Letter from Diego José, Fifth Count of Montemar to Count of Castillejo",18,"Letter from Diego José, Fifth Count of Montemar to Count of Castillejo (7/24/1764)",9,52,42
"18_5318583_box1_f16_Letter from Diego José, Fifth Count of Montemar to Count of Castillejo",18,"Letter from Diego José, Fifth Count of Montemar to Count of Castillejo (7/24/1764)",10,0,0
"19_5318583_box1_f17_Letter from Diego José, Fifth Count of Montemar to Joseph Perfecto de",19,"Letter from Diego José, Fifth Count of Montemar to Joseph Perfecto de Salas (10/24/1764)",1,108,75
"19_5318583_box1_f17_Letter from Diego José, Fifth Count of Montemar to Joseph Perfecto de",19,"Letter from Diego José, Fifth Count of Montemar to Joseph Perfecto de Salas (10/24/1764)",2,215,128
"19_5318583_box1_f17_Letter from Diego José, Fifth Count of Montemar to Joseph Perfecto de",19,"Letter from Diego José, Fifth Count of Montemar to Joseph Perfecto de Salas (10/24/1764)",3,231,142
"19_5318583_box1_f17_Letter from Diego José, Fifth Count of Montemar to Joseph Perfecto de",19,"Letter from Diego José, Fifth Count of Montemar to Joseph Perfecto de Salas (10/24/1764)",4,253,156
"19_5318583_box1_f17_Letter from Diego José, Fifth Count of Montemar to Joseph Perfecto de",19,"Letter from Diego José, Fifth Count of Montemar to Joseph Perfecto de Salas (10/24/1764)",5,257,155
"19_5318583_box1_f17_Letter from Diego José, Fifth Count of Montemar to Joseph Perfecto de",19,"Letter from Diego José, Fifth Count of Montemar to Joseph Perfecto de Salas (10/24/1764)",6,199,125
"19_5318583_box1_f17_Letter from Diego José, Fifth Count of Montemar to Joseph Perfecto de",19,"Letter from Diego José, Fifth Count of Montemar to Joseph Perfecto de Salas (10/24/1764)",7,218,156
"19_5318583_box1_f17_Letter from Diego José, Fifth Count of Montemar to Joseph Perfecto de",19,"Letter from Diego José, Fifth Count of Montemar to Joseph Perfecto de Salas (10/24/1764)",8,0,0
20_5318583_box1_f18_Letter from Pedro Carrillo de Albornoz y Bravo de Lagunas to Diego Jos,20,"Letter from Pedro Carrillo de Albornoz y Bravo de Lagunas to Diego José, Fifth Count of Montemar (1/3/1765)",1,82,58
20_5318583_box1_f18_Letter from Pedro Carrillo de Albornoz y Bravo de Lagunas to Diego Jos,20,"Letter from Pedro Carrillo de Albornoz y Bravo de Lagunas to Diego José, Fifth Count of Montemar (1/3/1765)",2,83,70
20_5318583_box1_f18_Letter from Pedro Carrillo de Albornoz y Bravo de Lagunas to Diego Jos,20,"Letter from Pedro Carrillo de Albornoz y Bravo de Lagunas to Diego José, Fifth Count of Montemar (1/3/1765)",3,94,69
20_5318583_box1_f18_Letter from Pedro Carrillo de Albornoz y Bravo de Lagunas to Diego Jos,20,"Letter from Pedro Carrillo de Albornoz y Bravo de Lagunas to Diego José, Fifth Count of Montemar (1/3/1765)",4,85,60
20_5318583_box1_f18_Letter from Pedro Carrillo de Albornoz y Bravo de Lagunas to Diego Jos,20,"Letter from Pedro Carrillo de Albornoz y Bravo de Lagunas to Diego José, Fifth Count of Montemar (1/3/1765)",5,90,57
20_5318583_box1_f18_Letter from Pedro Carrillo de Albornoz y Bravo de Lagunas to Diego Jos,20,"Letter from Pedro Carrillo de Albornoz y Bravo de Lagunas to Diego José, Fifth Count of Montemar (1/3/1765)",6,84,66
20_5318583_box1_f18_Letter from Pedro Carrillo de Albornoz y Bravo de Lagunas to Diego Jos,20,"Letter from Pedro Carrillo de Albornoz y Bravo de Lagunas to Diego José, Fifth Count of Montemar (1/3/1765)",7,78,63
20_5318583_box1_f18_Letter from Pedro Carrillo de Albornoz y Bravo de Lagunas to Diego Jos,20,"Letter from Pedro Carrillo de Albornoz y Bravo de Lagunas to Diego José, Fifth Count of Montemar (1/3/1765)",8,76,68
"21_5318583_box1_f19_Letter from Diego José, Fifth Count of Montemar to Marquis of Lara (1",21,"Letter from Diego José, Fifth Count of Montemar to Marquis of Lara (1/23/1765)",1,90,68
"21_5318583_box1_f19_Letter from Diego José, Fifth Count of Montemar to Marquis of Lara (1",21,"Letter from Diego José, Fifth Count of Montemar to Marquis of Lara (1/23/1765)",2,110,80
"21_5318583_box1_f19_Letter from Diego José, Fifth Count of Montemar to Marquis of Lara (1",21,"Letter from Diego José, Fifth Count of Montemar to Marquis of Lara (1/23/1765)",3,86,67
"21_5318583_box1_f19_Letter from Diego José, Fifth Count of Montemar to Marquis of Lara (1",21,"Letter from Diego José, Fifth Count of Montemar to Marquis of Lara (1/23/1765)",4,90,74
"21_5318583_box1_f19_Letter from Diego José, Fifth Count of Montemar to Marquis of Lara (1",21,"Letter from Diego José, Fifth Count of Montemar to Marquis of Lara (1/23/1765)",5,91,68
"21_5318583_box1_f19_Letter from Diego José, Fifth Count of Montemar to Marquis of Lara (1",21,"Letter from Diego José, Fifth Count of Montemar to Marquis of Lara (1/23/1765)",6,81,59
"21_5318583_box1_f19_Letter from Diego José, Fifth Count of Montemar to Marquis of Lara (1",21,"Letter from Diego José, Fifth Count of Montemar to Marquis of Lara (1/23/1765)",7,82,64
"21_5318583_box1_f19_Letter from Diego José, Fifth Count of Montemar to Marquis of Lara (1",21,"Letter from Diego José, Fifth Count of Montemar to Marquis of Lara (1/23/1765)",8,84,58
"21_5318583_box1_f19_Letter from Diego José, Fifth Count of Montemar to Marquis of Lara (1",21,"Letter from Diego José, Fifth Count of Montemar to Marquis of Lara (1/23/1765)",9,84,59
"21_5318583_box1_f19_Letter from Diego José, Fifth Count of Montemar to Marquis of Lara (1",21,"Letter from Diego José, Fifth Count of Montemar to Marquis of Lara (1/23/1765)",10,82,64
"21_5318583_box1_f19_Letter from Diego José, Fifth Count of Montemar to Marquis of Lara (1",21,"Letter from Diego José, Fifth Count of Montemar to Marquis of Lara (1/23/1765)",11,79,60
"21_5318583_box1_f19_Letter from Diego José, Fifth Count of Montemar to Marquis of Lara (1",21,"Letter from Diego José, Fifth Count of Montemar to Marquis of Lara (1/23/1765)",12,76,64
"21_5318583_box1_f19_Letter from Diego José, Fifth Count of Montemar to Marquis of Lara (1",21,"Letter from Diego José, Fifth Count of Montemar to Marquis of Lara (1/23/1765)",13,77,64
"21_5318583_box1_f19_Letter from Diego José, Fifth Count of Montemar to Marquis of Lara (1",21,"Letter from Diego José, Fifth Count of Montemar to Marquis of Lara (1/23/1765)",14,72,61
"21_5318583_box1_f19_Letter from Diego José, Fifth Count of Montemar to Marquis of Lara (1",21,"Letter from Diego José, Fifth Count of Montemar to Marquis of Lara (1/23/1765)",15,80,65
"21_5318583_box1_f19_Letter from Diego José, Fifth Count of Montemar to Marquis of Lara (1",21,"Letter from Diego José, Fifth Count of Montemar to Marquis of Lara (1/23/1765)",16,75,52
"21_5318583_box1_f19_Letter from Diego José, Fifth Count of Montemar to Marquis of Lara (1",21,"Letter from Diego José, Fifth Count of Montemar to Marquis of Lara (1/23/1765)",17,82,66
"21_5318583_box1_f19_Letter from Diego José, Fifth Count of Montemar to Marquis of Lara (1",21,"Letter from Diego José, Fifth Count of Montemar to Marquis of Lara (1/23/1765)",18,89,66
"21_5318583_box1_f19_Letter from Diego José, Fifth Count of Montemar to Marquis of Lara (1",21,"Letter from Diego José, Fifth Count of Montemar to Marquis of Lara (1/23/1765)",19,78,61
"21_5318583_box1_f19_Letter from Diego José, Fifth Count of Montemar to Marquis of Lara (1",21,"Letter from Diego José, Fifth Count of Montemar to Marquis of Lara (1/23/1765)",20,73,58
"21_5318583_box1_f19_Letter from Diego José, Fifth Count of Montemar to Marquis of Lara (1",21,"Letter from Diego José, Fifth Count of Montemar to Marquis of Lara (1/23/1765)",21,104,79
"21_5318583_box1_f19_Letter from Diego José, Fifth Count of Montemar to Marquis of Lara (1",21,"Letter from Diego José, Fifth Count of Montemar to Marquis of Lara (1/23/1765)",22,98,70
"21_5318583_box1_f19_Letter from Diego José, Fifth Count of Montemar to Marquis of Lara (1",21,"Letter from Diego José, Fifth Count of Montemar to Marquis of Lara (1/23/1765)",23,104,79
"21_5318583_box1_f19_Letter from Diego José, Fifth Count of Montemar to Marquis of Lara (1",21,"Letter from Diego José, Fifth Count of Montemar to Marquis of Lara (1/23/1765)",24,26,23
"22_5318583_box1_f20_Letter from Diego José, Fifth Count of Montemar to unknown (1_29_1765)",22,"Letter from Diego José, Fifth Count of Montemar to unknown (1/29/1765)",1,122,85
"22_5318583_box1_f20_Letter from Diego José, Fifth Count of Montemar to unknown (1_29_1765)",22,"Letter from Diego José, Fifth Count of Montemar to unknown (1/29/1765)",2,140,98
"22_5318583_box1_f20_Letter from Diego José, Fifth Count of Montemar to unknown (1_29_1765)",22,"Letter from Diego José, Fifth Count of Montemar to unknown (1/29/1765)",3,141,100
"22_5318583_box1_f20_Letter from Diego José, Fifth Count of Montemar to unknown (1_29_1765)",22,"Letter from Diego José, Fifth Count of Montemar to unknown (1/29/1765)",4,143,115
"23_5318583_box1_f21_Letter from Marquis of Lara to Diego José, Fifth Count of Montemar (3",23,"Letter from Marquis of Lara to Diego José, Fifth Count of Montemar (3/9/1765)",1,116,82
"23_5318583_box1_f21_Letter from Marquis of Lara to Diego José, Fifth Count of Montemar (3",23,"Letter from Marquis of Lara to Diego José, Fifth Count of Montemar (3/9/1765)",2,150,105
"23_5318583_box1_f21_Letter from Marquis of Lara to Diego José, Fifth Count of Montemar (3",23,"Letter from Marquis of Lara to Diego José, Fifth Count of Montemar (3/9/1765)",3,138,108
"23_5318583_box1_f21_Letter from Marquis of Lara to Diego José, Fifth Count of Montemar (3",23,"Letter from Marquis of Lara to Diego José, Fifth Count of Montemar (3/9/1765)",4,190,124
"23_5318583_box1_f21_Letter from Marquis of Lara to Diego José, Fifth Count of Montemar (3",23,"Letter from Marquis of Lara to Diego José, Fifth Count of Montemar (3/9/1765)",5,166,107
"23_5318583_box1_f21_Letter from Marquis of Lara to Diego José, Fifth Count of Montemar (3",23,"Letter from Marquis of Lara to Diego José, Fifth Count of Montemar (3/9/1765)",6,180,123
"23_5318583_box1_f21_Letter from Marquis of Lara to Diego José, Fifth Count of Montemar (3",23,"Letter from Marquis of Lara to Diego José, Fifth Count of Montemar (3/9/1765)",7,171,113
"23_5318583_box1_f21_Letter from Marquis of Lara to Diego José, Fifth Count of Montemar (3",23,"Letter from Marquis of Lara to Diego José, Fifth Count of Montemar (3/9/1765)",8,163,106
"23_5318583_box1_f21_Letter from Marquis of Lara to Diego José, Fifth Count of Montemar (3",23,"Letter from Marquis of Lara to Diego José, Fifth Count of Montemar (3/9/1765)",9,159,105
"23_5318583_box1_f21_Letter from Marquis of Lara to Diego José, Fifth Count of Montemar (3",23,"Letter from Marquis of Lara to Diego José, Fifth Count of Montemar (3/9/1765)",10,181,120
"23_5318583_box1_f21_Letter from Marquis of Lara to Diego José, Fifth Count of Montemar (3",23,"Letter from Marquis of Lara to Diego José, Fifth Count of Montemar (3/9/1765)",11,178,113
"23_5318583_box1_f21_Letter from Marquis of Lara to Diego José, Fifth Count of Montemar (3",23,"Letter from Marquis of Lara to Diego José, Fifth Count of Montemar (3/9/1765)",12,172,117
"23_5318583_box1_f21_Letter from Marquis of Lara to Diego José, Fifth Count of Montemar (3",23,"Letter from Marquis of Lara to Diego José, Fifth Count of Montemar (3/9/1765)",13,151,109
"23_5318583_box1_f21_Letter from Marquis of Lara to Diego José, Fifth Count of Montemar (3",23,"Letter from Marquis of Lara to Diego José, Fifth Count of Montemar (3/9/1765)",14,154,104
"23_5318583_box1_f21_Letter from Marquis of Lara to Diego José, Fifth Count of Montemar (3",23,"Letter from Marquis of Lara to Diego José, Fifth Count of Montemar (3/9/1765)",15,178,117
"23_5318583_box1_f21_Letter from Marquis of Lara to Diego José, Fifth Count of Montemar (3",23,"Letter from Marquis of Lara to Diego José, Fifth Count of Montemar (3/9/1765)",16,113,89
24_5318583_box1_f22_Letter from Pedro Carrillo de Albornoz y Bravo de Lagunas to Diego Jos,24,"Letter from Pedro Carrillo de Albornoz y Bravo de Lagunas to Diego José, Fifth Count of Montemar (3/30/1765)",1,151,98
24_5318583_box1_f22_Letter from Pedro Carrillo de Albornoz y Bravo de Lagunas to Diego Jos,24,"Letter from Pedro Carrillo de Albornoz y Bravo de Lagunas to Diego José, Fifth Count of Montemar (3/30/1765)",2,115,87
24_5318583_box1_f22_Letter from Pedro Carrillo de Albornoz y Bravo de Lagunas to Diego Jos,24,"Letter from Pedro Carrillo de Albornoz y Bravo de Lagunas to Diego José, Fifth Count of Montemar (3/30/1765)",3,122,92
24_5318583_box1_f22_Letter from Pedro Carrillo de Albornoz y Bravo de Lagunas to Diego Jos,24,"Letter from Pedro Carrillo de Albornoz y Bravo de Lagunas to Diego José, Fifth Count of Montemar (3/30/1765)",4,123,88
24_5318583_box1_f22_Letter from Pedro Carrillo de Albornoz y Bravo de Lagunas to Diego Jos,24,"Letter from Pedro Carrillo de Albornoz y Bravo de Lagunas to Diego José, Fifth Count of Montemar (3/30/1765)",5,130,101
24_5318583_box1_f22_Letter from Pedro Carrillo de Albornoz y Bravo de Lagunas to Diego Jos,24,"Letter from Pedro Carrillo de Albornoz y Bravo de Lagunas to Diego José, Fifth Count of Montemar (3/30/1765)",6,151,101
24_5318583_box1_f22_Letter from Pedro Carrillo de Albornoz y Bravo de Lagunas to Diego Jos,24,"Letter from Pedro Carrillo de Albornoz y Bravo de Lagunas to Diego José, Fifth Count of Montemar (3/30/1765)",7,133,96
24_5318583_box1_f22_Letter from Pedro Carrillo de Albornoz y Bravo de Lagunas to Diego Jos,24,"Letter from Pedro Carrillo de Albornoz y Bravo de Lagunas to Diego José, Fifth Count of Montemar (3/30/1765)",8,152,105
24_5318583_box1_f22_Letter from Pedro Carrillo de Albornoz y Bravo de Lagunas to Diego Jos,24,"Letter from Pedro Carrillo de Albornoz y Bravo de Lagunas to Diego José, Fifth Count of Montemar (3/30/1765)",9,118,87
24_5318583_box1_f22_Letter from Pedro Carrillo de Albornoz y Bravo de Lagunas to Diego Jos,24,"Letter from Pedro Carrillo de Albornoz y Bravo de Lagunas to Diego José, Fifth Count of Montemar (3/30/1765)",10,0,0
24_5318583_box1_f22_Letter from Pedro Carrillo de Albornoz y Bravo de Lagunas to Diego Jos,24,"Letter from Pedro Carrillo de Albornoz y Bravo de Lagunas to Diego José, Fifth Count of Montemar (3/30/1765)",11,0,0
24_5318583_box1_f22_Letter from Pedro Carrillo de Albornoz y Bravo de Lagunas to Diego Jos,24,"Letter from Pedro Carrillo de Albornoz y Bravo de Lagunas to Diego José, Fifth Count of Montemar (3/30/1765)",12,0,0
"25_5318583_box1_f23_Letter from Diego José, Fifth Count of Montemar to Nicolás Manrique de",25,"Letter from Diego José, Fifth Count of Montemar to Nicolás Manrique de Lara (8/20/1765)",1,156,114
"25_5318583_box1_f23_Letter from Diego José, Fifth Count of Montemar to Nicolás Manrique de",25,"Letter from Diego José, Fifth Count of Montemar to Nicolás Manrique de Lara (8/20/1765)",2,182,130
"25_5318583_box1_f23_Letter from Diego José, Fifth Count of Montemar to Nicolás Manrique de",25,"Letter from Diego José, Fifth Count of Montemar to Nicolás Manrique de Lara (8/20/1765)",3,172,114
"25_5318583_box1_f23_Letter from Diego José, Fifth Count of Montemar to Nicolás Manrique de",25,"Letter from Diego José, Fifth Count of Montemar to Nicolás Manrique de Lara (8/20/1765)",4,169,120
"25_5318583_box1_f23_Letter from Diego José, Fifth Count of Montemar to Nicolás Manrique de",25,"Letter from Diego José, Fifth Count of Montemar to Nicolás Manrique de Lara (8/20/1765)",5,202,126
"25_5318583_box1_f23_Letter from Diego José, Fifth Count of Montemar to Nicolás Manrique de",25,"Letter from Diego José, Fifth Count of Montemar to Nicolás Manrique de Lara (8/20/1765)",6,165,111
"26_5318583_box1_f24_Letter from a friend to Diego José, Fifth Count of Montemar (9_29_1765",26,"Letter from a friend to Diego José, Fifth Count of Montemar (9/29/1765)",1,210,129
"26_5318583_box1_f24_Letter from a friend to Diego José, Fifth Count of Montemar (9_29_1765",26,"Letter from a friend to Diego José, Fifth Count of Montemar (9/29/1765)",2,264,148
"27_5318583_box1_f25_Letter from Joseph Portocarrero Pallarés, Knight of the Order of Santi",27,"Letter from Joseph Portocarrero Pallarés, Knight of the Order of Santiago to Marquis of Lara (11/14/1765)",1,138,97
"27_5318583_box1_f25_Letter from Joseph Portocarrero Pallarés, Knight of the Order of Santi",27,"Letter from Joseph Portocarrero Pallarés, Knight of the Order of Santiago to Marquis of Lara (11/14/1765)",2,139,99
"27_5318583_box1_f25_Letter from Joseph Portocarrero Pallarés, Knight of the Order of Santi",27,"Letter from Joseph Portocarrero Pallarés, Knight of the Order of Santiago to Marquis of Lara (11/14/1765)",3,6,6
"27_5318583_box1_f25_Letter from Joseph Portocarrero Pallarés, Knight of the Order of Santi",27,"Letter from Joseph Portocarrero Pallarés, Knight of the Order of Santiago to Marquis of Lara (11/14/1765)",4,0,0
"28_5318583_box1_f26_Letter from Diego José, Fifth Count of Montemar to Marquis of Lara (11",28,"Letter from Diego José, Fifth Count of Montemar to Marquis of Lara (11/23/1765)",1,237,135
"28_5318583_box1_f26_Letter from Diego José, Fifth Count of Montemar to Marquis of Lara (11",28,"Letter from Diego José, Fifth Count of Montemar to Marquis of Lara (11/23/1765)",2,233,157
"28_5318583_box1_f26_Letter from Diego José, Fifth Count of Montemar to Marquis of Lara (11",28,"Letter from Diego José, Fifth Count of Montemar to Marquis of Lara (11/23/1765)",3,250,152
"28_5318583_box1_f26_Letter from Diego José, Fifth Count of Montemar to Marquis of Lara (11",28,"Letter from Diego José, Fifth Count of Montemar to Marquis of Lara (11/23/1765)",4,243,162
"28_5318583_box1_f26_Letter from Diego José, Fifth Count of Montemar to Marquis of Lara (11",28,"Letter from Diego José, Fifth Count of Montemar to Marquis of Lara (11/23/1765)",5,248,159
"28_5318583_box1_f26_Letter from Diego José, Fifth Count of Montemar to Marquis of Lara (11",28,"Letter from Diego José, Fifth Count of Montemar to Marquis of Lara (11/23/1765)",6,257,145
"28_5318583_box1_f26_Letter from Diego José, Fifth Count of Montemar to Marquis of Lara (11",28,"Letter from Diego José, Fifth Count of Montemar to Marquis of Lara (11/23/1765)",7,245,128
"28_5318583_box1_f26_Letter from Diego José, Fifth Count of Montemar to Marquis of Lara (11",28,"Letter from Diego José, Fifth Count of Montemar to Marquis of Lara (11/23/1765)",8,215,136
"28_5318583_box1_f26_Letter from Diego José, Fifth Count of Montemar to Marquis of Lara (11",28,"Letter from Diego José, Fifth Count of Montemar to Marquis of Lara (11/23/1765)",9,229,133
"28_5318583_box1_f26_Letter from Diego José, Fifth Count of Montemar to Marquis of Lara (11",28,"Letter from Diego José, Fifth Count of Montemar to Marquis of Lara (11/23/1765)",10,234,142
"28_5318583_box1_f26_Letter from Diego José, Fifth Count of Montemar to Marquis of Lara (11",28,"Letter from Diego José, Fifth Count of Montemar to Marquis of Lara (11/23/1765)",11,250,149
"28_5318583_box1_f26_Letter from Diego José, Fifth Count of Montemar to Marquis of Lara (11",28,"Letter from Diego José, Fifth Count of Montemar to Marquis of Lara (11/23/1765)",12,251,132
"28_5318583_box1_f26_Letter from Diego José, Fifth Count of Montemar to Marquis of Lara (11",28,"Letter from Diego José, Fifth Count of Montemar to Marquis of Lara (11/23/1765)",13,230,146
"28_5318583_box1_f26_Letter from Diego José, Fifth Count of Montemar to Marquis of Lara (11",28,"Letter from Diego José, Fifth Count of Montemar to Marquis of Lara (11/23/1765)",14,239,134
"28_5318583_box1_f26_Letter from Diego José, Fifth Count of Montemar to Marquis of Lara (11",28,"Letter from Diego José, Fifth Count of Montemar to Marquis of Lara (11/23/1765)",15,237,141
"28_5318583_box1_f26_Letter from Diego José, Fifth Count of Montemar to Marquis of Lara (11",28,"Letter from Diego José, Fifth Count of Montemar to Marquis of Lara (11/23/1765)",16,222,137
"28_5318583_box1_f26_Letter from Diego José, Fifth Count of Montemar to Marquis of Lara (11",28,"Letter from Diego José, Fifth Count of Montemar to Marquis of Lara (11/23/1765)",17,207,121
"28_5318583_box1_f26_Letter from Diego José, Fifth Count of Montemar to Marquis of Lara (11",28,"Letter from Diego José, Fifth Count of Montemar to Marquis of Lara (11/23/1765)",18,193,123
"28_5318583_box1_f26_Letter from Diego José, Fifth Count of Montemar to Marquis of Lara (11",28,"Letter from Diego José, Fifth Count of Montemar to Marquis of Lara (11/23/1765)",19,67,50
"28_5318583_box1_f26_Letter from Diego José, Fifth Count of Montemar to Marquis of Lara (11",28,"Letter from Diego José, Fifth Count of Montemar to Marquis of Lara (11/23/1765)",20,0,0
"29_5318583_box1_f27_Letter from Diego José, Fifth Count of Montemar to Rosa, Marchioness o",29,"Letter from Diego José, Fifth Count of Montemar to Rosa, Marchioness of Lara (11/23/1765)",1,137,100
"29_5318583_box1_f27_Letter from Diego José, Fifth Count of Montemar to Rosa, Marchioness o",29,"Letter from Diego José, Fifth Count of Montemar to Rosa, Marchioness of Lara (11/23/1765)",2,155,114
"29_5318583_box1_f27_Letter from Diego José, Fifth Count of Montemar to Rosa, Marchioness o",29,"Letter from Diego José, Fifth Count of Montemar to Rosa, Marchioness of Lara (11/23/1765)",3,54,47
"29_5318583_box1_f27_Letter from Diego José, Fifth Count of Montemar to Rosa, Marchioness o",29,"Letter from Diego José, Fifth Count of Montemar to Rosa, Marchioness of Lara (11/23/1765)",4,0,0
"30_5318583_box1_f28_Letter from Diego José, Fifth Count of Montemar to Juan Bautista Carri",30,"Letter from Diego José, Fifth Count of Montemar to Juan Bautista Carrillo de Albornoz y Bravo de Lagunas (11/23/1765)",1,154,106
"30_5318583_box1_f28_Letter from Diego José, Fifth Count of Montemar to Juan Bautista Carri",30,"Letter from Diego José, Fifth Count of Montemar to Juan Bautista Carrillo de Albornoz y Bravo de Lagunas (11/23/1765)",2,173,105
"30_5318583_box1_f28_Letter from Diego José, Fifth Count of Montemar to Juan Bautista Carri",30,"Letter from Diego José, Fifth Count of Montemar to Juan Bautista Carrillo de Albornoz y Bravo de Lagunas (11/23/1765)",3,155,104
"30_5318583_box1_f28_Letter from Diego José, Fifth Count of Montemar to Juan Bautista Carri",30,"Letter from Diego José, Fifth Count of Montemar to Juan Bautista Carrillo de Albornoz y Bravo de Lagunas (11/23/1765)",4,171,106
"30_5318583_box1_f28_Letter from Diego José, Fifth Count of Montemar to Juan Bautista Carri",30,"Letter from Diego José, Fifth Count of Montemar to Juan Bautista Carrillo de Albornoz y Bravo de Lagunas (11/23/1765)",5,148,99
"30_5318583_box1_f28_Letter from Diego José, Fifth Count of Montemar to Juan Bautista Carri",30,"Letter from Diego José, Fifth Count of Montemar to Juan Bautista Carrillo de Albornoz y Bravo de Lagunas (11/23/1765)",6,156,108
"30_5318583_box1_f28_Letter from Diego José, Fifth Count of Montemar to Juan Bautista Carri",30,"Letter from Diego José, Fifth Count of Montemar to Juan Bautista Carrillo de Albornoz y Bravo de Lagunas (11/23/1765)",7,157,106
"30_5318583_box1_f28_Letter from Diego José, Fifth Count of Montemar to Juan Bautista Carri",30,"Letter from Diego José, Fifth Count of Montemar to Juan Bautista Carrillo de Albornoz y Bravo de Lagunas (11/23/1765)",8,156,95
"30_5318583_box1_f28_Letter from Diego José, Fifth Count of Montemar to Juan Bautista Carri",30,"Letter from Diego José, Fifth Count of Montemar to Juan Bautista Carrillo de Albornoz y Bravo de Lagunas (11/23/1765)",9,134,96
"30_5318583_box1_f28_Letter from Diego José, Fifth Count of Montemar to Juan Bautista Carri",30,"Letter from Diego José, Fifth Count of Montemar to Juan Bautista Carrillo de Albornoz y Bravo de Lagunas (11/23/1765)",10,6,6
"31_5318583_box1_f29_Letter from Diego José, Fifth Count of Montemar to Pedro Carrillo de A",31,"Letter from Diego José, Fifth Count of Montemar to Pedro Carrillo de Albornoz y Bravo de Lagunas (12/3/1765)",1,99,77
"31_5318583_box1_f29_Letter from Diego José, Fifth Count of Montemar to Pedro Carrillo de A",31,"Letter from Diego José, Fifth Count of Montemar to Pedro Carrillo de Albornoz y Bravo de Lagunas (12/3/1765)",2,126,88
"31_5318583_box1_f29_Letter from Diego José, Fifth Count of Montemar to Pedro Carrillo de A",31,"Letter from Diego José, Fifth Count of Montemar to Pedro Carrillo de Albornoz y Bravo de Lagunas (12/3/1765)",3,181,116
"31_5318583_box1_f29_Letter from Diego José, Fifth Count of Montemar to Pedro Carrillo de A",31,"Letter from Diego José, Fifth Count of Montemar to Pedro Carrillo de Albornoz y Bravo de Lagunas (12/3/1765)",4,142,102
"31_5318583_box1_f29_Letter from Diego José, Fifth Count of Montemar to Pedro Carrillo de A",31,"Letter from Diego José, Fifth Count of Montemar to Pedro Carrillo de Albornoz y Bravo de Lagunas (12/3/1765)",5,158,101
"31_5318583_box1_f29_Letter from Diego José, Fifth Count of Montemar to Pedro Carrillo de A",31,"Letter from Diego José, Fifth Count of Montemar to Pedro Carrillo de Albornoz y Bravo de Lagunas (12/3/1765)",6,150,99
"31_5318583_box1_f29_Letter from Diego José, Fifth Count of Montemar to Pedro Carrillo de A",31,"Letter from Diego José, Fifth Count of Montemar to Pedro Carrillo de Albornoz y Bravo de Lagunas (12/3/1765)",7,143,94
"31_5318583_box1_f29_Letter from Diego José, Fifth Count of Montemar to Pedro Carrillo de A",31,"Letter from Diego José, Fifth Count of Montemar to Pedro Carrillo de Albornoz y Bravo de Lagunas (12/3/1765)",8,11,11
"32_5318583_box1_f30_Letter from Diego José, Fifth Count of Montemar to Joseph Perfecto de",32,"Letter from Diego José, Fifth Count of Montemar to Joseph Perfecto de Salas (12/3/1765)",1,121,87
"32_5318583_box1_f30_Letter from Diego José, Fifth Count of Montemar to Joseph Perfecto de",32,"Letter from Diego José, Fifth Count of Montemar to Joseph Perfecto de Salas (12/3/1765)",2,126,87
"32_5318583_box1_f30_Letter from Diego José, Fifth Count of Montemar to Joseph Perfecto de",32,"Letter from Diego José, Fifth Count of Montemar to Joseph Perfecto de Salas (12/3/1765)",3,131,83
"32_5318583_box1_f30_Letter from Diego José, Fifth Count of Montemar to Joseph Perfecto de",32,"Letter from Diego José, Fifth Count of Montemar to Joseph Perfecto de Salas (12/3/1765)",4,151,99
"32_5318583_box1_f30_Letter from Diego José, Fifth Count of Montemar to Joseph Perfecto de",32,"Letter from Diego José, Fifth Count of Montemar to Joseph Perfecto de Salas (12/3/1765)",5,149,97
"32_5318583_box1_f30_Letter from Diego José, Fifth Count of Montemar to Joseph Perfecto de",32,"Letter from Diego José, Fifth Count of Montemar to Joseph Perfecto de Salas (12/3/1765)",6,164,97
"32_5318583_box1_f30_Letter from Diego José, Fifth Count of Montemar to Joseph Perfecto de",32,"Letter from Diego José, Fifth Count of Montemar to Joseph Perfecto de Salas (12/3/1765)",7,137,96
"32_5318583_box1_f30_Letter from Diego José, Fifth Count of Montemar to Joseph Perfecto de",32,"Letter from Diego José, Fifth Count of Montemar to Joseph Perfecto de Salas (12/3/1765)",8,163,114
"32_5318583_box1_f30_Letter from Diego José, Fifth Count of Montemar to Joseph Perfecto de",32,"Letter from Diego José, Fifth Count of Montemar to Joseph Perfecto de Salas (12/3/1765)",9,162,114
"32_5318583_box1_f30_Letter from Diego José, Fifth Count of Montemar to Joseph Perfecto de",32,"Letter from Diego José, Fifth Count of Montemar to Joseph Perfecto de Salas (12/3/1765)",10,55,46
