carta_id,nro_carta,titulo,pagina,tipo_marca,subtipo,texto,texto_del,texto_add,posicion_add
01_5318583_box1_f1_Letter from Pedro Carrillo de Albornoz y Bravo de Lagunas to Diego Jos,1,"Letter from Pedro Carrillo de Albornoz y Bravo de Lagunas to Diego José, Fifth Count of Montemar (2/27/1761)",1,del,,junto con otros papeles selos,junto con otros papeles selos,,
01_5318583_box1_f1_Letter from Pedro Carrillo de Albornoz y Bravo de Lagunas to Diego Jos,1,"Letter from Pedro Carrillo de Albornoz y Bravo de Lagunas to Diego José, Fifth Count of Montemar (2/27/1761)",3,del,,an,an,,
01_5318583_box1_f1_Letter from Pedro Carrillo de Albornoz y Bravo de Lagunas to Diego Jos,1,"Letter from Pedro Carrillo de Albornoz y Bravo de Lagunas to Diego José, Fifth Count of Montemar (2/27/1761)",7,del,,caso que,caso que,,
01_5318583_box1_f1_Letter from Pedro Carrillo de Albornoz y Bravo de Lagunas to Diego Jos,1,"Letter from Pedro Carrillo de Albornoz y Bravo de Lagunas to Diego José, Fifth Count of Montemar (2/27/1761)",9,del,,rreconociendo,rreconociendo,,
01_5318583_box1_f1_Letter from Pedro Carrillo de Albornoz y Bravo de Lagunas to Diego Jos,1,"Letter from Pedro Carrillo de Albornoz y Bravo de Lagunas to Diego José, Fifth Count of Montemar (2/27/1761)",10,del,,esto,esto,,
03_5318583_box1_f3_Letter from Pedro Carrillo de Albornoz y Bravo de Lagunas to Diego Jos,3,"Letter from Pedro Carrillo de Albornoz y Bravo de Lagunas to Diego José, Fifth Count of Montemar (8/27/1761)",6,del,,desea,desea,,
03_5318583_box1_f3_Letter from Pedro Carrillo de Albornoz y Bravo de Lagunas to Diego Jos,3,"Letter from Pedro Carrillo de Albornoz y Bravo de Lagunas to Diego José, Fifth Count of Montemar (8/27/1761)",6,del,,rremi,rremi,,
04_5318583_box1_f4_Letter from Pedro Carrillo de Albornoz y Bravo de Lagunas to Diego Jos,4,"Letter from Pedro Carrillo de Albornoz y Bravo de Lagunas to Diego José, Fifth Count of Montemar (10/26/1761)",2,del,,del presente,del presente,,
04_5318583_box1_f4_Letter from Pedro Carrillo de Albornoz y Bravo de Lagunas to Diego Jos,4,"Letter from Pedro Carrillo de Albornoz y Bravo de Lagunas to Diego José, Fifth Count of Montemar (10/26/1761)",2,del,,este,este,,
04_5318583_box1_f4_Letter from Pedro Carrillo de Albornoz y Bravo de Lagunas to Diego Jos,4,"Letter from Pedro Carrillo de Albornoz y Bravo de Lagunas to Diego José, Fifth Count of Montemar (10/26/1761)",4,del,,que no abia,que no abia,,
04_5318583_box1_f4_Letter from Pedro Carrillo de Albornoz y Bravo de Lagunas to Diego Jos,4,"Letter from Pedro Carrillo de Albornoz y Bravo de Lagunas to Diego José, Fifth Count of Montemar (10/26/1761)",7,del,,nos,nos,,
04_5318583_box1_f4_Letter from Pedro Carrillo de Albornoz y Bravo de Lagunas to Diego Jos,4,"Letter from Pedro Carrillo de Albornoz y Bravo de Lagunas to Diego José, Fifth Count of Montemar (10/26/1761)",9,del,,con,con,,
04_5318583_box1_f4_Letter from Pedro Carrillo de Albornoz y Bravo de Lagunas to Diego Jos,4,"Letter from Pedro Carrillo de Albornoz y Bravo de Lagunas to Diego José, Fifth Count of Montemar (10/26/1761)",10,del,,selo yeba,selo yeba,,
04_5318583_box1_f4_Letter from Pedro Carrillo de Albornoz y Bravo de Lagunas to Diego Jos,4,"Letter from Pedro Carrillo de Albornoz y Bravo de Lagunas to Diego José, Fifth Count of Montemar (10/26/1761)",10,del,,ado,ado,,
04_5318583_box1_f4_Letter from Pedro Carrillo de Albornoz y Bravo de Lagunas to Diego Jos,4,"Letter from Pedro Carrillo de Albornoz y Bravo de Lagunas to Diego José, Fifth Count of Montemar (10/26/1761)",11,del,,tratarme,tratarme,,
05_5318583_box1_f5_Letter from Pedro Carrillo de Albornoz y Bravo de Lagunas to Diego Jos,5,"Letter from Pedro Carrillo de Albornoz y Bravo de Lagunas to Diego José, Fifth Count of Montemar (6/24/1762)",1,del,,rrestablecimiento,rrestablecimiento,,
05_5318583_box1_f5_Letter from Pedro Carrillo de Albornoz y Bravo de Lagunas to Diego Jos,5,"Letter from Pedro Carrillo de Albornoz y Bravo de Lagunas to Diego José, Fifth Count of Montemar (6/24/1762)",1,del,,en,en,,
05_5318583_box1_f5_Letter from Pedro Carrillo de Albornoz y Bravo de Lagunas to Diego Jos,5,"Letter from Pedro Carrillo de Albornoz y Bravo de Lagunas to Diego José, Fifth Count of Montemar (6/24/1762)",2,del,,"a

loque","a

loque",,
05_5318583_box1_f5_Letter from Pedro Carrillo de Albornoz y Bravo de Lagunas to Diego Jos,5,"Letter from Pedro Carrillo de Albornoz y Bravo de Lagunas to Diego José, Fifth Count of Montemar (6/24/1762)",2,del,,me,me,,
05_5318583_box1_f5_Letter from Pedro Carrillo de Albornoz y Bravo de Lagunas to Diego Jos,5,"Letter from Pedro Carrillo de Albornoz y Bravo de Lagunas to Diego José, Fifth Count of Montemar (6/24/1762)",2,del,,yncomodado â mi,yncomodado â mi,,
05_5318583_box1_f5_Letter from Pedro Carrillo de Albornoz y Bravo de Lagunas to Diego Jos,5,"Letter from Pedro Carrillo de Albornoz y Bravo de Lagunas to Diego José, Fifth Count of Montemar (6/24/1762)",2,del,,con,con,,
05_5318583_box1_f5_Letter from Pedro Carrillo de Albornoz y Bravo de Lagunas to Diego Jos,5,"Letter from Pedro Carrillo de Albornoz y Bravo de Lagunas to Diego José, Fifth Count of Montemar (6/24/1762)",2,del,,idad,idad,,
05_5318583_box1_f5_Letter from Pedro Carrillo de Albornoz y Bravo de Lagunas to Diego Jos,5,"Letter from Pedro Carrillo de Albornoz y Bravo de Lagunas to Diego José, Fifth Count of Montemar (6/24/1762)",2,del,,todo lo posible,todo lo posible,,
05_5318583_box1_f5_Letter from Pedro Carrillo de Albornoz y Bravo de Lagunas to Diego Jos,5,"Letter from Pedro Carrillo de Albornoz y Bravo de Lagunas to Diego José, Fifth Count of Montemar (6/24/1762)",3,del,,ydo alo del,ydo alo del,,
05_5318583_box1_f5_Letter from Pedro Carrillo de Albornoz y Bravo de Lagunas to Diego Jos,5,"Letter from Pedro Carrillo de Albornoz y Bravo de Lagunas to Diego José, Fifth Count of Montemar (6/24/1762)",3,del,,fue,fue,,
05_5318583_box1_f5_Letter from Pedro Carrillo de Albornoz y Bravo de Lagunas to Diego Jos,5,"Letter from Pedro Carrillo de Albornoz y Bravo de Lagunas to Diego José, Fifth Count of Montemar (6/24/1762)",3,del,,por aya,por aya,,
05_5318583_box1_f5_Letter from Pedro Carrillo de Albornoz y Bravo de Lagunas to Diego Jos,5,"Letter from Pedro Carrillo de Albornoz y Bravo de Lagunas to Diego José, Fifth Count of Montemar (6/24/1762)",4,del,,alos,alos,,
05_5318583_box1_f5_Letter from Pedro Carrillo de Albornoz y Bravo de Lagunas to Diego Jos,5,"Letter from Pedro Carrillo de Albornoz y Bravo de Lagunas to Diego José, Fifth Count of Montemar (6/24/1762)",4,del,,qᵉ sola,qᵉ sola,,
05_5318583_box1_f5_Letter from Pedro Carrillo de Albornoz y Bravo de Lagunas to Diego Jos,5,"Letter from Pedro Carrillo de Albornoz y Bravo de Lagunas to Diego José, Fifth Count of Montemar (6/24/1762)",4,del,,y sola esta cualidad,y sola esta cualidad,,
05_5318583_box1_f5_Letter from Pedro Carrillo de Albornoz y Bravo de Lagunas to Diego Jos,5,"Letter from Pedro Carrillo de Albornoz y Bravo de Lagunas to Diego José, Fifth Count of Montemar (6/24/1762)",5,del,,mas,mas,,
05_5318583_box1_f5_Letter from Pedro Carrillo de Albornoz y Bravo de Lagunas to Diego Jos,5,"Letter from Pedro Carrillo de Albornoz y Bravo de Lagunas to Diego José, Fifth Count of Montemar (6/24/1762)",6,del,,un poco,un poco,,
05_5318583_box1_f5_Letter from Pedro Carrillo de Albornoz y Bravo de Lagunas to Diego Jos,5,"Letter from Pedro Carrillo de Albornoz y Bravo de Lagunas to Diego José, Fifth Count of Montemar (6/24/1762)",6,del,,la casa,la casa,,
05_5318583_box1_f5_Letter from Pedro Carrillo de Albornoz y Bravo de Lagunas to Diego Jos,5,"Letter from Pedro Carrillo de Albornoz y Bravo de Lagunas to Diego José, Fifth Count of Montemar (6/24/1762)",8,del,,"este

ofisio","este

ofisio",,
05_5318583_box1_f5_Letter from Pedro Carrillo de Albornoz y Bravo de Lagunas to Diego Jos,5,"Letter from Pedro Carrillo de Albornoz y Bravo de Lagunas to Diego José, Fifth Count of Montemar (6/24/1762)",9,del,,enterara,enterara,,
05_5318583_box1_f5_Letter from Pedro Carrillo de Albornoz y Bravo de Lagunas to Diego Jos,5,"Letter from Pedro Carrillo de Albornoz y Bravo de Lagunas to Diego José, Fifth Count of Montemar (6/24/1762)",10,del,,me ha parecido,me ha parecido,,
05_5318583_box1_f5_Letter from Pedro Carrillo de Albornoz y Bravo de Lagunas to Diego Jos,5,"Letter from Pedro Carrillo de Albornoz y Bravo de Lagunas to Diego José, Fifth Count of Montemar (6/24/1762)",10,del,,te,te,,
05_5318583_box1_f5_Letter from Pedro Carrillo de Albornoz y Bravo de Lagunas to Diego Jos,5,"Letter from Pedro Carrillo de Albornoz y Bravo de Lagunas to Diego José, Fifth Count of Montemar (6/24/1762)",10,del,,me fuera,me fuera,,
"19_5318583_box1_f17_Letter from Diego José, Fifth Count of Montemar to Joseph Perfecto de",19,"Letter from Diego José, Fifth Count of Montemar to Joseph Perfecto de Salas (10/24/1764)",1,del,,e imbarcable,e imbarcable,,
"19_5318583_box1_f17_Letter from Diego José, Fifth Count of Montemar to Joseph Perfecto de",19,"Letter from Diego José, Fifth Count of Montemar to Joseph Perfecto de Salas (10/24/1764)",1,del,,"bien entendido en qe debe vd contar, con qᵉ en los asiertos no hade tener vd la menor parte pᵃ la recompenza, pʳ ser esta en

el mundo pribatiba de todos los qᵉ Mandan en jefes, y qᵉ si","bien entendido en qe debe vd contar, con qᵉ en los asiertos no hade tener vd la menor parte pᵃ la recompenza, pʳ ser esta en

el mundo pribatiba de todos los qᵉ Mandan en jefes, y qᵉ si",,
"19_5318583_box1_f17_Letter from Diego José, Fifth Count of Montemar to Joseph Perfecto de",19,"Letter from Diego José, Fifth Count of Montemar to Joseph Perfecto de Salas (10/24/1764)",2,del,,a vd,a vd,,
"19_5318583_box1_f17_Letter from Diego José, Fifth Count of Montemar to Joseph Perfecto de",19,"Letter from Diego José, Fifth Count of Montemar to Joseph Perfecto de Salas (10/24/1764)",2,del,,memoria,memoria,,
"19_5318583_box1_f17_Letter from Diego José, Fifth Count of Montemar to Joseph Perfecto de",19,"Letter from Diego José, Fifth Count of Montemar to Joseph Perfecto de Salas (10/24/1764)",2,del,,labrado,labrado,,
"19_5318583_box1_f17_Letter from Diego José, Fifth Count of Montemar to Joseph Perfecto de",19,"Letter from Diego José, Fifth Count of Montemar to Joseph Perfecto de Salas (10/24/1764)",2,del,,Pase,Pase,,
"19_5318583_box1_f17_Letter from Diego José, Fifth Count of Montemar to Joseph Perfecto de",19,"Letter from Diego José, Fifth Count of Montemar to Joseph Perfecto de Salas (10/24/1764)",2,del,,principios,principios,,
"19_5318583_box1_f17_Letter from Diego José, Fifth Count of Montemar to Joseph Perfecto de",19,"Letter from Diego José, Fifth Count of Montemar to Joseph Perfecto de Salas (10/24/1764)",3,del,,en este caso,en este caso,,
"19_5318583_box1_f17_Letter from Diego José, Fifth Count of Montemar to Joseph Perfecto de",19,"Letter from Diego José, Fifth Count of Montemar to Joseph Perfecto de Salas (10/24/1764)",3,del,,imponer,imponer,,
"19_5318583_box1_f17_Letter from Diego José, Fifth Count of Montemar to Joseph Perfecto de",19,"Letter from Diego José, Fifth Count of Montemar to Joseph Perfecto de Salas (10/24/1764)",4,del,,por mi amor,por mi amor,,
"19_5318583_box1_f17_Letter from Diego José, Fifth Count of Montemar to Joseph Perfecto de",19,"Letter from Diego José, Fifth Count of Montemar to Joseph Perfecto de Salas (10/24/1764)",4,del,,pidiendose,pidiendose,,
"19_5318583_box1_f17_Letter from Diego José, Fifth Count of Montemar to Joseph Perfecto de",19,"Letter from Diego José, Fifth Count of Montemar to Joseph Perfecto de Salas (10/24/1764)",5,del,,mismo,mismo,,
"19_5318583_box1_f17_Letter from Diego José, Fifth Count of Montemar to Joseph Perfecto de",19,"Letter from Diego José, Fifth Count of Montemar to Joseph Perfecto de Salas (10/24/1764)",5,del,,riesgo,riesgo,,
"19_5318583_box1_f17_Letter from Diego José, Fifth Count of Montemar to Joseph Perfecto de",19,"Letter from Diego José, Fifth Count of Montemar to Joseph Perfecto de Salas (10/24/1764)",5,del,,"de su

casa pᵃ sus herederos y","de su

casa pᵃ sus herederos y",,
"19_5318583_box1_f17_Letter from Diego José, Fifth Count of Montemar to Joseph Perfecto de",19,"Letter from Diego José, Fifth Count of Montemar to Joseph Perfecto de Salas (10/24/1764)",5,del,,qᵉ pa poderlo ejecutar con asierto tieno dho Dⁿ Joseph,qᵉ pa poderlo ejecutar con asierto tieno dho Dⁿ Joseph,,
"19_5318583_box1_f17_Letter from Diego José, Fifth Count of Montemar to Joseph Perfecto de",19,"Letter from Diego José, Fifth Count of Montemar to Joseph Perfecto de Salas (10/24/1764)",6,del,,pro,pro,,
"19_5318583_box1_f17_Letter from Diego José, Fifth Count of Montemar to Joseph Perfecto de",19,"Letter from Diego José, Fifth Count of Montemar to Joseph Perfecto de Salas (10/24/1764)",6,del,,daran,daran,,
"19_5318583_box1_f17_Letter from Diego José, Fifth Count of Montemar to Joseph Perfecto de",19,"Letter from Diego José, Fifth Count of Montemar to Joseph Perfecto de Salas (10/24/1764)",7,del,,qᵉ he diho,qᵉ he diho,,
20_5318583_box1_f18_Letter from Pedro Carrillo de Albornoz y Bravo de Lagunas to Diego Jos,20,"Letter from Pedro Carrillo de Albornoz y Bravo de Lagunas to Diego José, Fifth Count of Montemar (1/3/1765)",3,del,,dictamen,dictamen,,
20_5318583_box1_f18_Letter from Pedro Carrillo de Albornoz y Bravo de Lagunas to Diego Jos,20,"Letter from Pedro Carrillo de Albornoz y Bravo de Lagunas to Diego José, Fifth Count of Montemar (1/3/1765)",6,del,,quedo,quedo,,
"21_5318583_box1_f19_Letter from Diego José, Fifth Count of Montemar to Marquis of Lara (1",21,"Letter from Diego José, Fifth Count of Montemar to Marquis of Lara (1/23/1765)",2,del,,Novecientos,Novecientos,,
"21_5318583_box1_f19_Letter from Diego José, Fifth Count of Montemar to Marquis of Lara (1",21,"Letter from Diego José, Fifth Count of Montemar to Marquis of Lara (1/23/1765)",15,del,,en ellos,en ellos,,
"23_5318583_box1_f21_Letter from Marquis of Lara to Diego José, Fifth Count of Montemar (3",23,"Letter from Marquis of Lara to Diego José, Fifth Count of Montemar (3/9/1765)",5,del,,pʳ haverse agregado a dha cantidad,pʳ haverse agregado a dha cantidad,,
24_5318583_box1_f22_Letter from Pedro Carrillo de Albornoz y Bravo de Lagunas to Diego Jos,24,"Letter from Pedro Carrillo de Albornoz y Bravo de Lagunas to Diego José, Fifth Count of Montemar (3/30/1765)",3,del,,te,te,,
24_5318583_box1_f22_Letter from Pedro Carrillo de Albornoz y Bravo de Lagunas to Diego Jos,24,"Letter from Pedro Carrillo de Albornoz y Bravo de Lagunas to Diego José, Fifth Count of Montemar (3/30/1765)",5,del,,satisfa,satisfa,,
"28_5318583_box1_f26_Letter from Diego José, Fifth Count of Montemar to Marquis of Lara (11",28,"Letter from Diego José, Fifth Count of Montemar to Marquis of Lara (11/23/1765)",5,del,,quiera,quiera,,
"30_5318583_box1_f28_Letter from Diego José, Fifth Count of Montemar to Juan Bautista Carri",30,"Letter from Diego José, Fifth Count of Montemar to Juan Bautista Carrillo de Albornoz y Bravo de Lagunas (11/23/1765)",4,del,,y,y,,
"31_5318583_box1_f29_Letter from Diego José, Fifth Count of Montemar to Pedro Carrillo de A",31,"Letter from Diego José, Fifth Count of Montemar to Pedro Carrillo de Albornoz y Bravo de Lagunas (12/3/1765)",1,del,,contextarte,contextarte,,
"31_5318583_box1_f29_Letter from Diego José, Fifth Count of Montemar to Pedro Carrillo de A",31,"Letter from Diego José, Fifth Count of Montemar to Pedro Carrillo de Albornoz y Bravo de Lagunas (12/3/1765)",1,del,,decirte,decirte,,
"31_5318583_box1_f29_Letter from Diego José, Fifth Count of Montemar to Pedro Carrillo de A",31,"Letter from Diego José, Fifth Count of Montemar to Pedro Carrillo de Albornoz y Bravo de Lagunas (12/3/1765)",2,del,,escasa,escasa,,
"31_5318583_box1_f29_Letter from Diego José, Fifth Count of Montemar to Pedro Carrillo de A",31,"Letter from Diego José, Fifth Count of Montemar to Pedro Carrillo de Albornoz y Bravo de Lagunas (12/3/1765)",2,del,,desmedido,desmedido,,
"31_5318583_box1_f29_Letter from Diego José, Fifth Count of Montemar to Pedro Carrillo de A",31,"Letter from Diego José, Fifth Count of Montemar to Pedro Carrillo de Albornoz y Bravo de Lagunas (12/3/1765)",3,del,,"sin esta claridad tomando tú la parte de que nuestro Padre no hubiera

podido","sin esta claridad tomando tú la parte de que nuestro Padre no hubiera

podido",,
"31_5318583_box1_f29_Letter from Diego José, Fifth Count of Montemar to Pedro Carrillo de A",31,"Letter from Diego José, Fifth Count of Montemar to Pedro Carrillo de Albornoz y Bravo de Lagunas (12/3/1765)",3,del,,por si solo de sus rentas,por si solo de sus rentas,,
"31_5318583_box1_f29_Letter from Diego José, Fifth Count of Montemar to Pedro Carrillo de A",31,"Letter from Diego José, Fifth Count of Montemar to Pedro Carrillo de Albornoz y Bravo de Lagunas (12/3/1765)",3,del,,sacando de esto la consecuencia de que no podia tener lo bastante,sacando de esto la consecuencia de que no podia tener lo bastante,,
"31_5318583_box1_f29_Letter from Diego José, Fifth Count of Montemar to Pedro Carrillo de A",31,"Letter from Diego José, Fifth Count of Montemar to Pedro Carrillo de Albornoz y Bravo de Lagunas (12/3/1765)",3,del,,cuantas por la primera lade su mui,cuantas por la primera lade su mui,,
"31_5318583_box1_f29_Letter from Diego José, Fifth Count of Montemar to Pedro Carrillo de A",31,"Letter from Diego José, Fifth Count of Montemar to Pedro Carrillo de Albornoz y Bravo de Lagunas (12/3/1765)",3,del,,y que para esta tubiese ôno fondos,y que para esta tubiese ôno fondos,,
"31_5318583_box1_f29_Letter from Diego José, Fifth Count of Montemar to Pedro Carrillo de A",31,"Letter from Diego José, Fifth Count of Montemar to Pedro Carrillo de Albornoz y Bravo de Lagunas (12/3/1765)",5,del,,cargas y,cargas y,,
"31_5318583_box1_f29_Letter from Diego José, Fifth Count of Montemar to Pedro Carrillo de A",31,"Letter from Diego José, Fifth Count of Montemar to Pedro Carrillo de Albornoz y Bravo de Lagunas (12/3/1765)",7,del,,que,que,,
"32_5318583_box1_f30_Letter from Diego José, Fifth Count of Montemar to Joseph Perfecto de",32,"Letter from Diego José, Fifth Count of Montemar to Joseph Perfecto de Salas (12/3/1765)",2,del,,de,de,,
"32_5318583_box1_f30_Letter from Diego José, Fifth Count of Montemar to Joseph Perfecto de",32,"Letter from Diego José, Fifth Count of Montemar to Joseph Perfecto de Salas (12/3/1765)",7,del,,"A Mesia le escribo sobre esto propio, qᵉ able con vd, y asi mismo sobre las temeridades qᵉ dimanan contra mi, dela disposision testamentaria de mi tia ,

incluyéndole documᵗᵒˢ bastantes â desbaneser los cargos,

sobre cuyo asumpto si vd gusta tener la bondad de influir â qᵉ se hallanen â un compromiso y ser con Mesia

asosiado â mi fabor, para una recta y juiciosa desision; yo me conformare en

todo qᵗᵒ vd estimen ser digno de mi prudensia, sin pasar

al sacrifisio qᵉ asta aqui he sufrido pᵃ mi total perdision","A Mesia le escribo sobre esto propio, qᵉ able con vd, y asi mismo sobre las temeridades qᵉ dimanan contra mi, dela disposision testamentaria de mi tia ,

incluyéndole documᵗᵒˢ bastantes â desbaneser los cargos,

sobre cuyo asumpto si vd gusta tener la bondad de influir â qᵉ se hallanen â un compromiso y ser con Mesia

asosiado â mi fabor, para una recta y juiciosa desision; yo me conformare en

todo qᵗᵒ vd estimen ser digno de mi prudensia, sin pasar

al sacrifisio qᵉ asta aqui he sufrido pᵃ mi total perdision",,
"32_5318583_box1_f30_Letter from Diego José, Fifth Count of Montemar to Joseph Perfecto de",32,"Letter from Diego José, Fifth Count of Montemar to Joseph Perfecto de Salas (12/3/1765)",9,del,,"(Finalmᵗᵉ alo que vd me dize en su carta, deqᵉ suspenda el juicio de lo que se diga de vd, y que tal

vez bien cerca de mi)","(Finalmᵗᵉ alo que vd me dize en su carta, deqᵉ suspenda el juicio de lo que se diga de vd, y que tal

vez bien cerca de mi)",,
