carta_id,nro_carta,titulo,pagina,tipo_entidad,texto
01_5318583_box1_f1_Letter from Pedro Carrillo de Albornoz y Bravo de Lagunas to Diego Jos,1,"Letter from Pedro Carrillo de Albornoz y Bravo de Lagunas to Diego José, Fifth Count of Montemar (2/27/1761)",1,geogName,Lima
01_5318583_box1_f1_Letter from Pedro Carrillo de Albornoz y Bravo de Lagunas to Diego Jos,1,"Letter from Pedro Carrillo de Albornoz y Bravo de Lagunas to Diego José, Fifth Count of Montemar (2/27/1761)",1,geogName,Canta
01_5318583_box1_f1_Letter from Pedro Carrillo de Albornoz y Bravo de Lagunas to Diego Jos,1,"Letter from Pedro Carrillo de Albornoz y Bravo de Lagunas to Diego José, Fifth Count of Montemar (2/27/1761)",3,geogName,Sicasica%
01_5318583_box1_f1_Letter from Pedro Carrillo de Albornoz y Bravo de Lagunas to Diego Jos,1,"Letter from Pedro Carrillo de Albornoz y Bravo de Lagunas to Diego José, Fifth Count of Montemar (2/27/1761)",3,geogName,Sebilla
01_5318583_box1_f1_Letter from Pedro Carrillo de Albornoz y Bravo de Lagunas to Diego Jos,1,"Letter from Pedro Carrillo de Albornoz y Bravo de Lagunas to Diego José, Fifth Count of Montemar (2/27/1761)",3,geogName,Mar del norte
01_5318583_box1_f1_Letter from Pedro Carrillo de Albornoz y Bravo de Lagunas to Diego Jos,1,"Letter from Pedro Carrillo de Albornoz y Bravo de Lagunas to Diego José, Fifth Count of Montemar (2/27/1761)",4,geogName,America
01_5318583_box1_f1_Letter from Pedro Carrillo de Albornoz y Bravo de Lagunas to Diego Jos,1,"Letter from Pedro Carrillo de Albornoz y Bravo de Lagunas to Diego José, Fifth Count of Montemar (2/27/1761)",11,geogName,Lima
01_5318583_box1_f1_Letter from Pedro Carrillo de Albornoz y Bravo de Lagunas to Diego Jos,1,"Letter from Pedro Carrillo de Albornoz y Bravo de Lagunas to Diego José, Fifth Count of Montemar (2/27/1761)",11,geogName,Apongo
01_5318583_box1_f1_Letter from Pedro Carrillo de Albornoz y Bravo de Lagunas to Diego Jos,1,"Letter from Pedro Carrillo de Albornoz y Bravo de Lagunas to Diego José, Fifth Count of Montemar (2/27/1761)",12,geogName,Guanta
02_5318583_box1_f2_Letter from Pedro Carrillo de Albornoz y Bravo de Lagunas to Diego Jos,2,"Letter from Pedro Carrillo de Albornoz y Bravo de Lagunas to Diego José, Fifth Count of Montemar (4/1/1761)",1,geogName,Lima
02_5318583_box1_f2_Letter from Pedro Carrillo de Albornoz y Bravo de Lagunas to Diego Jos,2,"Letter from Pedro Carrillo de Albornoz y Bravo de Lagunas to Diego José, Fifth Count of Montemar (4/1/1761)",1,geogName,Cadiz
02_5318583_box1_f2_Letter from Pedro Carrillo de Albornoz y Bravo de Lagunas to Diego Jos,2,"Letter from Pedro Carrillo de Albornoz y Bravo de Lagunas to Diego José, Fifth Count of Montemar (4/1/1761)",1,geogName,Europa
02_5318583_box1_f2_Letter from Pedro Carrillo de Albornoz y Bravo de Lagunas to Diego Jos,2,"Letter from Pedro Carrillo de Albornoz y Bravo de Lagunas to Diego José, Fifth Count of Montemar (4/1/1761)",2,geogName,Cadiz
03_5318583_box1_f3_Letter from Pedro Carrillo de Albornoz y Bravo de Lagunas to Diego Jos,3,"Letter from Pedro Carrillo de Albornoz y Bravo de Lagunas to Diego José, Fifth Count of Montemar (8/27/1761)",3,geogName,Aimaraes
03_5318583_box1_f3_Letter from Pedro Carrillo de Albornoz y Bravo de Lagunas to Diego Jos,3,"Letter from Pedro Carrillo de Albornoz y Bravo de Lagunas to Diego José, Fifth Count of Montemar (8/27/1761)",3,geogName,Cusco
03_5318583_box1_f3_Letter from Pedro Carrillo de Albornoz y Bravo de Lagunas to Diego Jos,3,"Letter from Pedro Carrillo de Albornoz y Bravo de Lagunas to Diego José, Fifth Count of Montemar (8/27/1761)",4,geogName,moquegua
03_5318583_box1_f3_Letter from Pedro Carrillo de Albornoz y Bravo de Lagunas to Diego Jos,3,"Letter from Pedro Carrillo de Albornoz y Bravo de Lagunas to Diego José, Fifth Count of Montemar (8/27/1761)",5,geogName,Roma
03_5318583_box1_f3_Letter from Pedro Carrillo de Albornoz y Bravo de Lagunas to Diego Jos,3,"Letter from Pedro Carrillo de Albornoz y Bravo de Lagunas to Diego José, Fifth Count of Montemar (8/27/1761)",5,geogName,Panama
03_5318583_box1_f3_Letter from Pedro Carrillo de Albornoz y Bravo de Lagunas to Diego Jos,3,"Letter from Pedro Carrillo de Albornoz y Bravo de Lagunas to Diego José, Fifth Count of Montemar (8/27/1761)",6,geogName,Valparaiso
03_5318583_box1_f3_Letter from Pedro Carrillo de Albornoz y Bravo de Lagunas to Diego Jos,3,"Letter from Pedro Carrillo de Albornoz y Bravo de Lagunas to Diego José, Fifth Count of Montemar (8/27/1761)",6,geogName,Panama
04_5318583_box1_f4_Letter from Pedro Carrillo de Albornoz y Bravo de Lagunas to Diego Jos,4,"Letter from Pedro Carrillo de Albornoz y Bravo de Lagunas to Diego José, Fifth Count of Montemar (10/26/1761)",1,geogName,Lima
04_5318583_box1_f4_Letter from Pedro Carrillo de Albornoz y Bravo de Lagunas to Diego Jos,4,"Letter from Pedro Carrillo de Albornoz y Bravo de Lagunas to Diego José, Fifth Count of Montemar (10/26/1761)",1,geogName,Panama
04_5318583_box1_f4_Letter from Pedro Carrillo de Albornoz y Bravo de Lagunas to Diego Jos,4,"Letter from Pedro Carrillo de Albornoz y Bravo de Lagunas to Diego José, Fifth Count of Montemar (10/26/1761)",2,geogName,Roma
04_5318583_box1_f4_Letter from Pedro Carrillo de Albornoz y Bravo de Lagunas to Diego Jos,4,"Letter from Pedro Carrillo de Albornoz y Bravo de Lagunas to Diego José, Fifth Count of Montemar (10/26/1761)",2,geogName,Balparaiso
04_5318583_box1_f4_Letter from Pedro Carrillo de Albornoz y Bravo de Lagunas to Diego Jos,4,"Letter from Pedro Carrillo de Albornoz y Bravo de Lagunas to Diego José, Fifth Count of Montemar (10/26/1761)",3,geogName,chile
04_5318583_box1_f4_Letter from Pedro Carrillo de Albornoz y Bravo de Lagunas to Diego Jos,4,"Letter from Pedro Carrillo de Albornoz y Bravo de Lagunas to Diego José, Fifth Count of Montemar (10/26/1761)",3,geogName,Santiago
04_5318583_box1_f4_Letter from Pedro Carrillo de Albornoz y Bravo de Lagunas to Diego Jos,4,"Letter from Pedro Carrillo de Albornoz y Bravo de Lagunas to Diego José, Fifth Count of Montemar (10/26/1761)",4,geogName,Chile
04_5318583_box1_f4_Letter from Pedro Carrillo de Albornoz y Bravo de Lagunas to Diego Jos,4,"Letter from Pedro Carrillo de Albornoz y Bravo de Lagunas to Diego José, Fifth Count of Montemar (10/26/1761)",4,geogName,Callao
04_5318583_box1_f4_Letter from Pedro Carrillo de Albornoz y Bravo de Lagunas to Diego Jos,4,"Letter from Pedro Carrillo de Albornoz y Bravo de Lagunas to Diego José, Fifth Count of Montemar (10/26/1761)",4,geogName,Madre
05_5318583_box1_f5_Letter from Pedro Carrillo de Albornoz y Bravo de Lagunas to Diego Jos,5,"Letter from Pedro Carrillo de Albornoz y Bravo de Lagunas to Diego José, Fifth Count of Montemar (6/24/1762)",1,geogName,Lima
05_5318583_box1_f5_Letter from Pedro Carrillo de Albornoz y Bravo de Lagunas to Diego Jos,5,"Letter from Pedro Carrillo de Albornoz y Bravo de Lagunas to Diego José, Fifth Count of Montemar (6/24/1762)",1,geogName,Panama
05_5318583_box1_f5_Letter from Pedro Carrillo de Albornoz y Bravo de Lagunas to Diego Jos,5,"Letter from Pedro Carrillo de Albornoz y Bravo de Lagunas to Diego José, Fifth Count of Montemar (6/24/1762)",1,geogName,"Buenos

aires"
05_5318583_box1_f5_Letter from Pedro Carrillo de Albornoz y Bravo de Lagunas to Diego Jos,5,"Letter from Pedro Carrillo de Albornoz y Bravo de Lagunas to Diego José, Fifth Count of Montemar (6/24/1762)",1,geogName,cabo
05_5318583_box1_f5_Letter from Pedro Carrillo de Albornoz y Bravo de Lagunas to Diego Jos,5,"Letter from Pedro Carrillo de Albornoz y Bravo de Lagunas to Diego José, Fifth Count of Montemar (6/24/1762)",5,geogName,callao
05_5318583_box1_f5_Letter from Pedro Carrillo de Albornoz y Bravo de Lagunas to Diego Jos,5,"Letter from Pedro Carrillo de Albornoz y Bravo de Lagunas to Diego José, Fifth Count of Montemar (6/24/1762)",6,geogName,Guancabelica
05_5318583_box1_f5_Letter from Pedro Carrillo de Albornoz y Bravo de Lagunas to Diego Jos,5,"Letter from Pedro Carrillo de Albornoz y Bravo de Lagunas to Diego José, Fifth Count of Montemar (6/24/1762)",7,geogName,Patibilca
05_5318583_box1_f5_Letter from Pedro Carrillo de Albornoz y Bravo de Lagunas to Diego Jos,5,"Letter from Pedro Carrillo de Albornoz y Bravo de Lagunas to Diego José, Fifth Count of Montemar (6/24/1762)",7,geogName,Patibilca
05_5318583_box1_f5_Letter from Pedro Carrillo de Albornoz y Bravo de Lagunas to Diego Jos,5,"Letter from Pedro Carrillo de Albornoz y Bravo de Lagunas to Diego José, Fifth Count of Montemar (6/24/1762)",7,geogName,Lara
05_5318583_box1_f5_Letter from Pedro Carrillo de Albornoz y Bravo de Lagunas to Diego Jos,5,"Letter from Pedro Carrillo de Albornoz y Bravo de Lagunas to Diego José, Fifth Count of Montemar (6/24/1762)",8,geogName,Guanta
05_5318583_box1_f5_Letter from Pedro Carrillo de Albornoz y Bravo de Lagunas to Diego Jos,5,"Letter from Pedro Carrillo de Albornoz y Bravo de Lagunas to Diego José, Fifth Count of Montemar (6/24/1762)",8,geogName,Conchucos
05_5318583_box1_f5_Letter from Pedro Carrillo de Albornoz y Bravo de Lagunas to Diego Jos,5,"Letter from Pedro Carrillo de Albornoz y Bravo de Lagunas to Diego José, Fifth Count of Montemar (6/24/1762)",10,geogName,conchucos
05_5318583_box1_f5_Letter from Pedro Carrillo de Albornoz y Bravo de Lagunas to Diego Jos,5,"Letter from Pedro Carrillo de Albornoz y Bravo de Lagunas to Diego José, Fifth Count of Montemar (6/24/1762)",10,geogName,Aimaraes
05_5318583_box1_f5_Letter from Pedro Carrillo de Albornoz y Bravo de Lagunas to Diego Jos,5,"Letter from Pedro Carrillo de Albornoz y Bravo de Lagunas to Diego José, Fifth Count of Montemar (6/24/1762)",10,geogName,Conchucos
05_5318583_box1_f5_Letter from Pedro Carrillo de Albornoz y Bravo de Lagunas to Diego Jos,5,"Letter from Pedro Carrillo de Albornoz y Bravo de Lagunas to Diego José, Fifth Count of Montemar (6/24/1762)",11,geogName,Diego
05_5318583_box1_f5_Letter from Pedro Carrillo de Albornoz y Bravo de Lagunas to Diego Jos,5,"Letter from Pedro Carrillo de Albornoz y Bravo de Lagunas to Diego José, Fifth Count of Montemar (6/24/1762)",11,geogName,Panama
"06_5318583_box1_f6_Letter from Diego José, Fifth Count of Montemar to Marquis of Lara (8",6,"Letter from Diego José, Fifth Count of Montemar to Marquis of Lara (8/10/1762)",1,geogName,Madrid
"06_5318583_box1_f6_Letter from Diego José, Fifth Count of Montemar to Marquis of Lara (8",6,"Letter from Diego José, Fifth Count of Montemar to Marquis of Lara (8/10/1762)",2,geogName,Inglaterra
"06_5318583_box1_f6_Letter from Diego José, Fifth Count of Montemar to Marquis of Lara (8",6,"Letter from Diego José, Fifth Count of Montemar to Marquis of Lara (8/10/1762)",3,geogName,Cavo
"06_5318583_box1_f6_Letter from Diego José, Fifth Count of Montemar to Marquis of Lara (8",6,"Letter from Diego José, Fifth Count of Montemar to Marquis of Lara (8/10/1762)",4,geogName,Madrid
"06_5318583_box1_f6_Letter from Diego José, Fifth Count of Montemar to Marquis of Lara (8",6,"Letter from Diego José, Fifth Count of Montemar to Marquis of Lara (8/10/1762)",4,geogName,Yndias
"06_5318583_box1_f6_Letter from Diego José, Fifth Count of Montemar to Marquis of Lara (8",6,"Letter from Diego José, Fifth Count of Montemar to Marquis of Lara (8/10/1762)",7,geogName,America
"06_5318583_box1_f6_Letter from Diego José, Fifth Count of Montemar to Marquis of Lara (8",6,"Letter from Diego José, Fifth Count of Montemar to Marquis of Lara (8/10/1762)",7,geogName,Ayamonte
"06_5318583_box1_f6_Letter from Diego José, Fifth Count of Montemar to Marquis of Lara (8",6,"Letter from Diego José, Fifth Count of Montemar to Marquis of Lara (8/10/1762)",7,geogName,Gibraltar
"06_5318583_box1_f6_Letter from Diego José, Fifth Count of Montemar to Marquis of Lara (8",6,"Letter from Diego José, Fifth Count of Montemar to Marquis of Lara (8/10/1762)",7,geogName,Cadiz
"06_5318583_box1_f6_Letter from Diego José, Fifth Count of Montemar to Marquis of Lara (8",6,"Letter from Diego José, Fifth Count of Montemar to Marquis of Lara (8/10/1762)",8,geogName,España
"06_5318583_box1_f6_Letter from Diego José, Fifth Count of Montemar to Marquis of Lara (8",6,"Letter from Diego José, Fifth Count of Montemar to Marquis of Lara (8/10/1762)",10,geogName,chile
"06_5318583_box1_f6_Letter from Diego José, Fifth Count of Montemar to Marquis of Lara (8",6,"Letter from Diego José, Fifth Count of Montemar to Marquis of Lara (8/10/1762)",10,geogName,Perú
"06_5318583_box1_f6_Letter from Diego José, Fifth Count of Montemar to Marquis of Lara (8",6,"Letter from Diego José, Fifth Count of Montemar to Marquis of Lara (8/10/1762)",10,geogName,chile
"06_5318583_box1_f6_Letter from Diego José, Fifth Count of Montemar to Marquis of Lara (8",6,"Letter from Diego José, Fifth Count of Montemar to Marquis of Lara (8/10/1762)",11,geogName,Cangallo
"06_5318583_box1_f6_Letter from Diego José, Fifth Count of Montemar to Marquis of Lara (8",6,"Letter from Diego José, Fifth Count of Montemar to Marquis of Lara (8/10/1762)",13,geogName,Quispicanchi
"06_5318583_box1_f6_Letter from Diego José, Fifth Count of Montemar to Marquis of Lara (8",6,"Letter from Diego José, Fifth Count of Montemar to Marquis of Lara (8/10/1762)",13,geogName,Azangaro
"06_5318583_box1_f6_Letter from Diego José, Fifth Count of Montemar to Marquis of Lara (8",6,"Letter from Diego José, Fifth Count of Montemar to Marquis of Lara (8/10/1762)",14,geogName,Quispicanchi
"06_5318583_box1_f6_Letter from Diego José, Fifth Count of Montemar to Marquis of Lara (8",6,"Letter from Diego José, Fifth Count of Montemar to Marquis of Lara (8/10/1762)",18,geogName,chile
"06_5318583_box1_f6_Letter from Diego José, Fifth Count of Montemar to Marquis of Lara (8",6,"Letter from Diego José, Fifth Count of Montemar to Marquis of Lara (8/10/1762)",18,geogName,Lima
"06_5318583_box1_f6_Letter from Diego José, Fifth Count of Montemar to Marquis of Lara (8",6,"Letter from Diego José, Fifth Count of Montemar to Marquis of Lara (8/10/1762)",19,geogName,callao
"07_5318583_box1_f7_Letter from Diego José, Fifth Count of Montemar to Juan Bautista Carri",7,"Letter from Diego José, Fifth Count of Montemar to Juan Bautista Carrillo de Albornoz y Bravo de Lagunas (8/13/1762)",1,geogName,Madrid
"07_5318583_box1_f7_Letter from Diego José, Fifth Count of Montemar to Juan Bautista Carri",7,"Letter from Diego José, Fifth Count of Montemar to Juan Bautista Carrillo de Albornoz y Bravo de Lagunas (8/13/1762)",2,geogName,Cangallo
"07_5318583_box1_f7_Letter from Diego José, Fifth Count of Montemar to Juan Bautista Carri",7,"Letter from Diego José, Fifth Count of Montemar to Juan Bautista Carrillo de Albornoz y Bravo de Lagunas (8/13/1762)",4,geogName,España
"07_5318583_box1_f7_Letter from Diego José, Fifth Count of Montemar to Juan Bautista Carri",7,"Letter from Diego José, Fifth Count of Montemar to Juan Bautista Carrillo de Albornoz y Bravo de Lagunas (8/13/1762)",4,geogName,Navarra
"07_5318583_box1_f7_Letter from Diego José, Fifth Count of Montemar to Juan Bautista Carri",7,"Letter from Diego José, Fifth Count of Montemar to Juan Bautista Carrillo de Albornoz y Bravo de Lagunas (8/13/1762)",6,geogName,España
"07_5318583_box1_f7_Letter from Diego José, Fifth Count of Montemar to Juan Bautista Carri",7,"Letter from Diego José, Fifth Count of Montemar to Juan Bautista Carrillo de Albornoz y Bravo de Lagunas (8/13/1762)",6,geogName,Quispicanchi
"07_5318583_box1_f7_Letter from Diego José, Fifth Count of Montemar to Juan Bautista Carri",7,"Letter from Diego José, Fifth Count of Montemar to Juan Bautista Carrillo de Albornoz y Bravo de Lagunas (8/13/1762)",7,geogName,Panamá
"08_5318583_box1_f7b_Letter from Diego José, Fifth Count of Montemar to Juan Bautista Carri",8,"Letter from Diego José, Fifth Count of Montemar to Juan Bautista Carrillo de Albornoz y Bravo de Lagunas (8/13/1762)",1,geogName,Madrid
"08_5318583_box1_f7b_Letter from Diego José, Fifth Count of Montemar to Juan Bautista Carri",8,"Letter from Diego José, Fifth Count of Montemar to Juan Bautista Carrillo de Albornoz y Bravo de Lagunas (8/13/1762)",2,geogName,Cangallo
"08_5318583_box1_f7b_Letter from Diego José, Fifth Count of Montemar to Juan Bautista Carri",8,"Letter from Diego José, Fifth Count of Montemar to Juan Bautista Carrillo de Albornoz y Bravo de Lagunas (8/13/1762)",4,geogName,España
"08_5318583_box1_f7b_Letter from Diego José, Fifth Count of Montemar to Juan Bautista Carri",8,"Letter from Diego José, Fifth Count of Montemar to Juan Bautista Carrillo de Albornoz y Bravo de Lagunas (8/13/1762)",4,geogName,Navarra
"08_5318583_box1_f7b_Letter from Diego José, Fifth Count of Montemar to Juan Bautista Carri",8,"Letter from Diego José, Fifth Count of Montemar to Juan Bautista Carrillo de Albornoz y Bravo de Lagunas (8/13/1762)",6,geogName,"España,"
"08_5318583_box1_f7b_Letter from Diego José, Fifth Count of Montemar to Juan Bautista Carri",8,"Letter from Diego José, Fifth Count of Montemar to Juan Bautista Carrillo de Albornoz y Bravo de Lagunas (8/13/1762)",6,geogName,Quispicanchi
"08_5318583_box1_f7b_Letter from Diego José, Fifth Count of Montemar to Juan Bautista Carri",8,"Letter from Diego José, Fifth Count of Montemar to Juan Bautista Carrillo de Albornoz y Bravo de Lagunas (8/13/1762)",7,geogName,Panamá
"09_5318583_box1_f8_Letter from Diego José, Fifth Count of Montemar to Isabel de la Presa",9,"Letter from Diego José, Fifth Count of Montemar to Isabel de la Presa Carrillo de Albornoz (8/13/1762)",1,geogName,Madrid
"09_5318583_box1_f8_Letter from Diego José, Fifth Count of Montemar to Isabel de la Presa",9,"Letter from Diego José, Fifth Count of Montemar to Isabel de la Presa Carrillo de Albornoz (8/13/1762)",1,geogName,Panamá
"09_5318583_box1_f8_Letter from Diego José, Fifth Count of Montemar to Isabel de la Presa",9,"Letter from Diego José, Fifth Count of Montemar to Isabel de la Presa Carrillo de Albornoz (8/13/1762)",1,geogName,Quispicanchi
"09_5318583_box1_f8_Letter from Diego José, Fifth Count of Montemar to Isabel de la Presa",9,"Letter from Diego José, Fifth Count of Montemar to Isabel de la Presa Carrillo de Albornoz (8/13/1762)",2,geogName,Asangaro
"09_5318583_box1_f8_Letter from Diego José, Fifth Count of Montemar to Isabel de la Presa",9,"Letter from Diego José, Fifth Count of Montemar to Isabel de la Presa Carrillo de Albornoz (8/13/1762)",2,geogName,Quispicanchi
"09_5318583_box1_f8_Letter from Diego José, Fifth Count of Montemar to Isabel de la Presa",9,"Letter from Diego José, Fifth Count of Montemar to Isabel de la Presa Carrillo de Albornoz (8/13/1762)",6,geogName,Quispicanchi
"10_5318583_box1_f8b_Letter from Diego José, Fifth Count of Montemar to Isabel de la Presa",10,"Letter from Diego José, Fifth Count of Montemar to Isabel de la Presa Carrillo de Albornoz (8/13/1762)",1,geogName,Madrid
"10_5318583_box1_f8b_Letter from Diego José, Fifth Count of Montemar to Isabel de la Presa",10,"Letter from Diego José, Fifth Count of Montemar to Isabel de la Presa Carrillo de Albornoz (8/13/1762)",1,geogName,Panamá
"10_5318583_box1_f8b_Letter from Diego José, Fifth Count of Montemar to Isabel de la Presa",10,"Letter from Diego José, Fifth Count of Montemar to Isabel de la Presa Carrillo de Albornoz (8/13/1762)",1,geogName,Quispicanchi
"10_5318583_box1_f8b_Letter from Diego José, Fifth Count of Montemar to Isabel de la Presa",10,"Letter from Diego José, Fifth Count of Montemar to Isabel de la Presa Carrillo de Albornoz (8/13/1762)",1,geogName,Asangaro
"10_5318583_box1_f8b_Letter from Diego José, Fifth Count of Montemar to Isabel de la Presa",10,"Letter from Diego José, Fifth Count of Montemar to Isabel de la Presa Carrillo de Albornoz (8/13/1762)",2,geogName,Quispicanchi
"10_5318583_box1_f8b_Letter from Diego José, Fifth Count of Montemar to Isabel de la Presa",10,"Letter from Diego José, Fifth Count of Montemar to Isabel de la Presa Carrillo de Albornoz (8/13/1762)",5,geogName,Quispicanchi
"11_5318583_box1_f9_Letter from Diego José, Fifth Count of Montemar to Marquis of Lara (12",11,"Letter from Diego José, Fifth Count of Montemar to Marquis of Lara (12/14/1762)",1,geogName,Mᵈ
"11_5318583_box1_f9_Letter from Diego José, Fifth Count of Montemar to Marquis of Lara (12",11,"Letter from Diego José, Fifth Count of Montemar to Marquis of Lara (12/14/1762)",1,geogName,Cartagⁿᵃ
"11_5318583_box1_f9_Letter from Diego José, Fifth Count of Montemar to Marquis of Lara (12",11,"Letter from Diego José, Fifth Count of Montemar to Marquis of Lara (12/14/1762)",1,geogName,Bˢ Ayˢ
"11_5318583_box1_f9_Letter from Diego José, Fifth Count of Montemar to Marquis of Lara (12",11,"Letter from Diego José, Fifth Count of Montemar to Marquis of Lara (12/14/1762)",1,geogName,cavo
"11_5318583_box1_f9_Letter from Diego José, Fifth Count of Montemar to Marquis of Lara (12",11,"Letter from Diego José, Fifth Count of Montemar to Marquis of Lara (12/14/1762)",2,geogName,Cadiz
"11_5318583_box1_f9_Letter from Diego José, Fifth Count of Montemar to Marquis of Lara (12",11,"Letter from Diego José, Fifth Count of Montemar to Marquis of Lara (12/14/1762)",2,geogName,Callao
"11_5318583_box1_f9_Letter from Diego José, Fifth Count of Montemar to Marquis of Lara (12",11,"Letter from Diego José, Fifth Count of Montemar to Marquis of Lara (12/14/1762)",3,geogName,Cangallo
"11_5318583_box1_f9_Letter from Diego José, Fifth Count of Montemar to Marquis of Lara (12",11,"Letter from Diego José, Fifth Count of Montemar to Marquis of Lara (12/14/1762)",5,geogName,cavo
"12_5318583_box1_f10_Letter from Diego José, Fifth Count of Montemar to Marquis of Lara (1",12,"Letter from Diego José, Fifth Count of Montemar to Marquis of Lara (1/4/1763)",1,geogName,Mᵈ
"12_5318583_box1_f10_Letter from Diego José, Fifth Count of Montemar to Marquis of Lara (1",12,"Letter from Diego José, Fifth Count of Montemar to Marquis of Lara (1/4/1763)",1,geogName,Cartagena
"12_5318583_box1_f10_Letter from Diego José, Fifth Count of Montemar to Marquis of Lara (1",12,"Letter from Diego José, Fifth Count of Montemar to Marquis of Lara (1/4/1763)",1,geogName,"Bˢ

Ayres"
"12_5318583_box1_f10_Letter from Diego José, Fifth Count of Montemar to Marquis of Lara (1",12,"Letter from Diego José, Fifth Count of Montemar to Marquis of Lara (1/4/1763)",1,geogName,Cavo
"12_5318583_box1_f10_Letter from Diego José, Fifth Count of Montemar to Marquis of Lara (1",12,"Letter from Diego José, Fifth Count of Montemar to Marquis of Lara (1/4/1763)",2,geogName,Lima
"12_5318583_box1_f10_Letter from Diego José, Fifth Count of Montemar to Marquis of Lara (1",12,"Letter from Diego José, Fifth Count of Montemar to Marquis of Lara (1/4/1763)",2,geogName,Lima
"12_5318583_box1_f10_Letter from Diego José, Fifth Count of Montemar to Marquis of Lara (1",12,"Letter from Diego José, Fifth Count of Montemar to Marquis of Lara (1/4/1763)",3,geogName,Cadiz
"12_5318583_box1_f10_Letter from Diego José, Fifth Count of Montemar to Marquis of Lara (1",12,"Letter from Diego José, Fifth Count of Montemar to Marquis of Lara (1/4/1763)",3,geogName,Cadiz
"12_5318583_box1_f10_Letter from Diego José, Fifth Count of Montemar to Marquis of Lara (1",12,"Letter from Diego José, Fifth Count of Montemar to Marquis of Lara (1/4/1763)",5,geogName,Roma
"12_5318583_box1_f10_Letter from Diego José, Fifth Count of Montemar to Marquis of Lara (1",12,"Letter from Diego José, Fifth Count of Montemar to Marquis of Lara (1/4/1763)",5,geogName,Amusco
"12_5318583_box1_f10_Letter from Diego José, Fifth Count of Montemar to Marquis of Lara (1",12,"Letter from Diego José, Fifth Count of Montemar to Marquis of Lara (1/4/1763)",6,geogName,la Havana
"12_5318583_box1_f10_Letter from Diego José, Fifth Count of Montemar to Marquis of Lara (1",12,"Letter from Diego José, Fifth Count of Montemar to Marquis of Lara (1/4/1763)",6,geogName,Cangallo
"12_5318583_box1_f10_Letter from Diego José, Fifth Count of Montemar to Marquis of Lara (1",12,"Letter from Diego José, Fifth Count of Montemar to Marquis of Lara (1/4/1763)",6,geogName,Guanta
"12_5318583_box1_f10_Letter from Diego José, Fifth Count of Montemar to Marquis of Lara (1",12,"Letter from Diego José, Fifth Count of Montemar to Marquis of Lara (1/4/1763)",6,geogName,Cartagⁿᵃ
"12_5318583_box1_f10_Letter from Diego José, Fifth Count of Montemar to Marquis of Lara (1",12,"Letter from Diego José, Fifth Count of Montemar to Marquis of Lara (1/4/1763)",7,geogName,Carttagⁿᵃ
"12_5318583_box1_f10_Letter from Diego José, Fifth Count of Montemar to Marquis of Lara (1",12,"Letter from Diego José, Fifth Count of Montemar to Marquis of Lara (1/4/1763)",7,geogName,Bˢ Ayres
"12_5318583_box1_f10_Letter from Diego José, Fifth Count of Montemar to Marquis of Lara (1",12,"Letter from Diego José, Fifth Count of Montemar to Marquis of Lara (1/4/1763)",8,geogName,Madrid
"12_5318583_box1_f10_Letter from Diego José, Fifth Count of Montemar to Marquis of Lara (1",12,"Letter from Diego José, Fifth Count of Montemar to Marquis of Lara (1/4/1763)",8,geogName,Amusco
"12_5318583_box1_f10_Letter from Diego José, Fifth Count of Montemar to Marquis of Lara (1",12,"Letter from Diego José, Fifth Count of Montemar to Marquis of Lara (1/4/1763)",9,geogName,"la

Havana"
"12_5318583_box1_f10_Letter from Diego José, Fifth Count of Montemar to Marquis of Lara (1",12,"Letter from Diego José, Fifth Count of Montemar to Marquis of Lara (1/4/1763)",11,geogName,cavo de hornos
"13_5318583_box1_f11_Letter from Diego José, Fifth Count of Montemar to Marquis of Lara, (8",13,"Letter from Diego José, Fifth Count of Montemar to Marquis of Lara, (8/23/1763)",1,geogName,Madrid
"13_5318583_box1_f11_Letter from Diego José, Fifth Count of Montemar to Marquis of Lara, (8",13,"Letter from Diego José, Fifth Count of Montemar to Marquis of Lara, (8/23/1763)",1,geogName,Mexico
"13_5318583_box1_f11_Letter from Diego José, Fifth Count of Montemar to Marquis of Lara, (8",13,"Letter from Diego José, Fifth Count of Montemar to Marquis of Lara, (8/23/1763)",1,geogName,Panamá
"13_5318583_box1_f11_Letter from Diego José, Fifth Count of Montemar to Marquis of Lara, (8",13,"Letter from Diego José, Fifth Count of Montemar to Marquis of Lara, (8/23/1763)",3,geogName,Cadiz
"13_5318583_box1_f11_Letter from Diego José, Fifth Count of Montemar to Marquis of Lara, (8",13,"Letter from Diego José, Fifth Count of Montemar to Marquis of Lara, (8/23/1763)",4,geogName,Roma
"13_5318583_box1_f11_Letter from Diego José, Fifth Count of Montemar to Marquis of Lara, (8",13,"Letter from Diego José, Fifth Count of Montemar to Marquis of Lara, (8/23/1763)",4,geogName,Roma
"13_5318583_box1_f11_Letter from Diego José, Fifth Count of Montemar to Marquis of Lara, (8",13,"Letter from Diego José, Fifth Count of Montemar to Marquis of Lara, (8/23/1763)",4,geogName,Madrid
"13_5318583_box1_f11_Letter from Diego José, Fifth Count of Montemar to Marquis of Lara, (8",13,"Letter from Diego José, Fifth Count of Montemar to Marquis of Lara, (8/23/1763)",4,geogName,Indias
"13_5318583_box1_f11_Letter from Diego José, Fifth Count of Montemar to Marquis of Lara, (8",13,"Letter from Diego José, Fifth Count of Montemar to Marquis of Lara, (8/23/1763)",4,geogName,Roma
"13_5318583_box1_f11_Letter from Diego José, Fifth Count of Montemar to Marquis of Lara, (8",13,"Letter from Diego José, Fifth Count of Montemar to Marquis of Lara, (8/23/1763)",5,geogName,Roma
"13_5318583_box1_f11_Letter from Diego José, Fifth Count of Montemar to Marquis of Lara, (8",13,"Letter from Diego José, Fifth Count of Montemar to Marquis of Lara, (8/23/1763)",6,geogName,Roma
"13_5318583_box1_f11_Letter from Diego José, Fifth Count of Montemar to Marquis of Lara, (8",13,"Letter from Diego José, Fifth Count of Montemar to Marquis of Lara, (8/23/1763)",7,geogName,"Cavo de

Ornos"
"13_5318583_box1_f11_Letter from Diego José, Fifth Count of Montemar to Marquis of Lara, (8",13,"Letter from Diego José, Fifth Count of Montemar to Marquis of Lara, (8/23/1763)",8,geogName,Cavo deOrnos
"13_5318583_box1_f11_Letter from Diego José, Fifth Count of Montemar to Marquis of Lara, (8",13,"Letter from Diego José, Fifth Count of Montemar to Marquis of Lara, (8/23/1763)",9,geogName,Madrid
"13_5318583_box1_f11_Letter from Diego José, Fifth Count of Montemar to Marquis of Lara, (8",13,"Letter from Diego José, Fifth Count of Montemar to Marquis of Lara, (8/23/1763)",11,geogName,la Havana
"13_5318583_box1_f11_Letter from Diego José, Fifth Count of Montemar to Marquis of Lara, (8",13,"Letter from Diego José, Fifth Count of Montemar to Marquis of Lara, (8/23/1763)",12,geogName,Americas
"13_5318583_box1_f11_Letter from Diego José, Fifth Count of Montemar to Marquis of Lara, (8",13,"Letter from Diego José, Fifth Count of Montemar to Marquis of Lara, (8/23/1763)",12,geogName,Philipinas
"13_5318583_box1_f11_Letter from Diego José, Fifth Count of Montemar to Marquis of Lara, (8",13,"Letter from Diego José, Fifth Count of Montemar to Marquis of Lara, (8/23/1763)",12,geogName,la Havana
"13_5318583_box1_f11_Letter from Diego José, Fifth Count of Montemar to Marquis of Lara, (8",13,"Letter from Diego José, Fifth Count of Montemar to Marquis of Lara, (8/23/1763)",12,geogName,Colonia
"13_5318583_box1_f11_Letter from Diego José, Fifth Count of Montemar to Marquis of Lara, (8",13,"Letter from Diego José, Fifth Count of Montemar to Marquis of Lara, (8/23/1763)",15,geogName,Amusco
"13_5318583_box1_f11_Letter from Diego José, Fifth Count of Montemar to Marquis of Lara, (8",13,"Letter from Diego José, Fifth Count of Montemar to Marquis of Lara, (8/23/1763)",16,geogName,Amusco
"13_5318583_box1_f11_Letter from Diego José, Fifth Count of Montemar to Marquis of Lara, (8",13,"Letter from Diego José, Fifth Count of Montemar to Marquis of Lara, (8/23/1763)",17,geogName,Redecilla
"13_5318583_box1_f11_Letter from Diego José, Fifth Count of Montemar to Marquis of Lara, (8",13,"Letter from Diego José, Fifth Count of Montemar to Marquis of Lara, (8/23/1763)",17,geogName,la Havana
"13_5318583_box1_f11_Letter from Diego José, Fifth Count of Montemar to Marquis of Lara, (8",13,"Letter from Diego José, Fifth Count of Montemar to Marquis of Lara, (8/23/1763)",19,geogName,Cadiz
"13_5318583_box1_f11_Letter from Diego José, Fifth Count of Montemar to Marquis of Lara, (8",13,"Letter from Diego José, Fifth Count of Montemar to Marquis of Lara, (8/23/1763)",22,geogName,Mexico
"13_5318583_box1_f11_Letter from Diego José, Fifth Count of Montemar to Marquis of Lara, (8",13,"Letter from Diego José, Fifth Count of Montemar to Marquis of Lara, (8/23/1763)",22,geogName,Perú
"13_5318583_box1_f11_Letter from Diego José, Fifth Count of Montemar to Marquis of Lara, (8",13,"Letter from Diego José, Fifth Count of Montemar to Marquis of Lara, (8/23/1763)",22,geogName,Cadiz
"13_5318583_box1_f11_Letter from Diego José, Fifth Count of Montemar to Marquis of Lara, (8",13,"Letter from Diego José, Fifth Count of Montemar to Marquis of Lara, (8/23/1763)",23,geogName,America
"13_5318583_box1_f11_Letter from Diego José, Fifth Count of Montemar to Marquis of Lara, (8",13,"Letter from Diego José, Fifth Count of Montemar to Marquis of Lara, (8/23/1763)",27,geogName,Cadiz
"13_5318583_box1_f11_Letter from Diego José, Fifth Count of Montemar to Marquis of Lara, (8",13,"Letter from Diego José, Fifth Count of Montemar to Marquis of Lara, (8/23/1763)",27,geogName,Lisboa
"13_5318583_box1_f11_Letter from Diego José, Fifth Count of Montemar to Marquis of Lara, (8",13,"Letter from Diego José, Fifth Count of Montemar to Marquis of Lara, (8/23/1763)",28,geogName,cavo de Ornos
"13_5318583_box1_f11_Letter from Diego José, Fifth Count of Montemar to Marquis of Lara, (8",13,"Letter from Diego José, Fifth Count of Montemar to Marquis of Lara, (8/23/1763)",28,geogName,España
"13_5318583_box1_f11_Letter from Diego José, Fifth Count of Montemar to Marquis of Lara, (8",13,"Letter from Diego José, Fifth Count of Montemar to Marquis of Lara, (8/23/1763)",28,geogName,"Sica

Sica"
"14_5318583_box1_f12_Letter from Diego José, Fifth Count of Montemar to Christobal Mesia y",14,"Letter from Diego José, Fifth Count of Montemar to Christobal Mesia y Munive, Count of Sierrabella (8/23/1763)",4,geogName,Lima
"14_5318583_box1_f12_Letter from Diego José, Fifth Count of Montemar to Christobal Mesia y",14,"Letter from Diego José, Fifth Count of Montemar to Christobal Mesia y Munive, Count of Sierrabella (8/23/1763)",5,geogName,España
"14_5318583_box1_f12_Letter from Diego José, Fifth Count of Montemar to Christobal Mesia y",14,"Letter from Diego José, Fifth Count of Montemar to Christobal Mesia y Munive, Count of Sierrabella (8/23/1763)",6,geogName,Guan-cavelica
"14_5318583_box1_f12_Letter from Diego José, Fifth Count of Montemar to Christobal Mesia y",14,"Letter from Diego José, Fifth Count of Montemar to Christobal Mesia y Munive, Count of Sierrabella (8/23/1763)",7,geogName,Cartagⁿᵃ
"14_5318583_box1_f12_Letter from Diego José, Fifth Count of Montemar to Christobal Mesia y",14,"Letter from Diego José, Fifth Count of Montemar to Christobal Mesia y Munive, Count of Sierrabella (8/23/1763)",7,geogName,Madrid
"15_5318583_box1_f13_Letter from Diego José, Fifth Count of Montemar to Marquis of Lara (12",15,"Letter from Diego José, Fifth Count of Montemar to Marquis of Lara (12/6/1763)",1,geogName,Madrid
"15_5318583_box1_f13_Letter from Diego José, Fifth Count of Montemar to Marquis of Lara (12",15,"Letter from Diego José, Fifth Count of Montemar to Marquis of Lara (12/6/1763)",1,geogName,"cavo de

Ornos"
"15_5318583_box1_f13_Letter from Diego José, Fifth Count of Montemar to Marquis of Lara (12",15,"Letter from Diego José, Fifth Count of Montemar to Marquis of Lara (12/6/1763)",1,geogName,Amusco
"15_5318583_box1_f13_Letter from Diego José, Fifth Count of Montemar to Marquis of Lara (12",15,"Letter from Diego José, Fifth Count of Montemar to Marquis of Lara (12/6/1763)",1,geogName,Redecilla
"15_5318583_box1_f13_Letter from Diego José, Fifth Count of Montemar to Marquis of Lara (12",15,"Letter from Diego José, Fifth Count of Montemar to Marquis of Lara (12/6/1763)",2,geogName,Condado de Treviño
"15_5318583_box1_f13_Letter from Diego José, Fifth Count of Montemar to Marquis of Lara (12",15,"Letter from Diego José, Fifth Count of Montemar to Marquis of Lara (12/6/1763)",2,geogName,Condado de Triviño
"15_5318583_box1_f13_Letter from Diego José, Fifth Count of Montemar to Marquis of Lara (12",15,"Letter from Diego José, Fifth Count of Montemar to Marquis of Lara (12/6/1763)",3,geogName,"Condado de

Triviño"
"15_5318583_box1_f13_Letter from Diego José, Fifth Count of Montemar to Marquis of Lara (12",15,"Letter from Diego José, Fifth Count of Montemar to Marquis of Lara (12/6/1763)",4,geogName,Amusco
"15_5318583_box1_f13_Letter from Diego José, Fifth Count of Montemar to Marquis of Lara (12",15,"Letter from Diego José, Fifth Count of Montemar to Marquis of Lara (12/6/1763)",4,geogName,Redecilla
"15_5318583_box1_f13_Letter from Diego José, Fifth Count of Montemar to Marquis of Lara (12",15,"Letter from Diego José, Fifth Count of Montemar to Marquis of Lara (12/6/1763)",4,geogName,Madrid
"15_5318583_box1_f13_Letter from Diego José, Fifth Count of Montemar to Marquis of Lara (12",15,"Letter from Diego José, Fifth Count of Montemar to Marquis of Lara (12/6/1763)",5,geogName,Madrid
"15_5318583_box1_f13_Letter from Diego José, Fifth Count of Montemar to Marquis of Lara (12",15,"Letter from Diego José, Fifth Count of Montemar to Marquis of Lara (12/6/1763)",12,geogName,SicaSica
"15_5318583_box1_f13_Letter from Diego José, Fifth Count of Montemar to Marquis of Lara (12",15,"Letter from Diego José, Fifth Count of Montemar to Marquis of Lara (12/6/1763)",13,geogName,Cadiz
"15_5318583_box1_f13_Letter from Diego José, Fifth Count of Montemar to Marquis of Lara (12",15,"Letter from Diego José, Fifth Count of Montemar to Marquis of Lara (12/6/1763)",13,geogName,Lisboa
"15_5318583_box1_f13_Letter from Diego José, Fifth Count of Montemar to Marquis of Lara (12",15,"Letter from Diego José, Fifth Count of Montemar to Marquis of Lara (12/6/1763)",13,geogName,la Havana
"16_5318583_box1_f14_Letter from Diego José, Fifth Count of Montemar to unkown (12_13_1763)",16,"Letter from Diego José, Fifth Count of Montemar to unkown (12/13/1763)",1,geogName,Madrid
"16_5318583_box1_f14_Letter from Diego José, Fifth Count of Montemar to unkown (12_13_1763)",16,"Letter from Diego José, Fifth Count of Montemar to unkown (12/13/1763)",1,geogName,cavo deornos
"16_5318583_box1_f14_Letter from Diego José, Fifth Count of Montemar to unkown (12_13_1763)",16,"Letter from Diego José, Fifth Count of Montemar to unkown (12/13/1763)",4,geogName,Lima
"16_5318583_box1_f14_Letter from Diego José, Fifth Count of Montemar to unkown (12_13_1763)",16,"Letter from Diego José, Fifth Count of Montemar to unkown (12/13/1763)",5,geogName,Perú
"16_5318583_box1_f14_Letter from Diego José, Fifth Count of Montemar to unkown (12_13_1763)",16,"Letter from Diego José, Fifth Count of Montemar to unkown (12/13/1763)",8,geogName,"Sica

Sica"
"16_5318583_box1_f14_Letter from Diego José, Fifth Count of Montemar to unkown (12_13_1763)",16,"Letter from Diego José, Fifth Count of Montemar to unkown (12/13/1763)",8,geogName,Yndias
"16_5318583_box1_f14_Letter from Diego José, Fifth Count of Montemar to unkown (12_13_1763)",16,"Letter from Diego José, Fifth Count of Montemar to unkown (12/13/1763)",9,geogName,Sⁿ Ildefonso
"16_5318583_box1_f14_Letter from Diego José, Fifth Count of Montemar to unkown (12_13_1763)",16,"Letter from Diego José, Fifth Count of Montemar to unkown (12/13/1763)",9,geogName,Escorial
"16_5318583_box1_f14_Letter from Diego José, Fifth Count of Montemar to unkown (12_13_1763)",16,"Letter from Diego José, Fifth Count of Montemar to unkown (12/13/1763)",9,geogName,España
"16_5318583_box1_f14_Letter from Diego José, Fifth Count of Montemar to unkown (12_13_1763)",16,"Letter from Diego José, Fifth Count of Montemar to unkown (12/13/1763)",12,geogName,España
"16_5318583_box1_f14_Letter from Diego José, Fifth Count of Montemar to unkown (12_13_1763)",16,"Letter from Diego José, Fifth Count of Montemar to unkown (12/13/1763)",12,geogName,Yndias
"16_5318583_box1_f14_Letter from Diego José, Fifth Count of Montemar to unkown (12_13_1763)",16,"Letter from Diego José, Fifth Count of Montemar to unkown (12/13/1763)",12,geogName,España
"16_5318583_box1_f14_Letter from Diego José, Fifth Count of Montemar to unkown (12_13_1763)",16,"Letter from Diego José, Fifth Count of Montemar to unkown (12/13/1763)",12,geogName,Yndias
"16_5318583_box1_f14_Letter from Diego José, Fifth Count of Montemar to unkown (12_13_1763)",16,"Letter from Diego José, Fifth Count of Montemar to unkown (12/13/1763)",13,geogName,la Havana
17_5318583_box1_f15_Letter from Marquis of Lara to Mathias de la Vega (12_29_1763),17,Letter from Marquis of Lara to Mathias de la Vega (12/29/1763),1,geogName,Lima
17_5318583_box1_f15_Letter from Marquis of Lara to Mathias de la Vega (12_29_1763),17,Letter from Marquis of Lara to Mathias de la Vega (12/29/1763),1,geogName,Callao:
"18_5318583_box1_f16_Letter from Diego José, Fifth Count of Montemar to Count of Castillejo",18,"Letter from Diego José, Fifth Count of Montemar to Count of Castillejo (7/24/1764)",1,geogName,Mᵈ .
"18_5318583_box1_f16_Letter from Diego José, Fifth Count of Montemar to Count of Castillejo",18,"Letter from Diego José, Fifth Count of Montemar to Count of Castillejo (7/24/1764)",2,geogName,Madrid
"18_5318583_box1_f16_Letter from Diego José, Fifth Count of Montemar to Count of Castillejo",18,"Letter from Diego José, Fifth Count of Montemar to Count of Castillejo (7/24/1764)",7,geogName,cavo
"18_5318583_box1_f16_Letter from Diego José, Fifth Count of Montemar to Count of Castillejo",18,"Letter from Diego José, Fifth Count of Montemar to Count of Castillejo (7/24/1764)",7,geogName,Yndias
"18_5318583_box1_f16_Letter from Diego José, Fifth Count of Montemar to Count of Castillejo",18,"Letter from Diego José, Fifth Count of Montemar to Count of Castillejo (7/24/1764)",7,geogName,Amusco
"18_5318583_box1_f16_Letter from Diego José, Fifth Count of Montemar to Count of Castillejo",18,"Letter from Diego José, Fifth Count of Montemar to Count of Castillejo (7/24/1764)",8,geogName,Zamora
"19_5318583_box1_f17_Letter from Diego José, Fifth Count of Montemar to Joseph Perfecto de",19,"Letter from Diego José, Fifth Count of Montemar to Joseph Perfecto de Salas (10/24/1764)",1,geogName,Madrid
"19_5318583_box1_f17_Letter from Diego José, Fifth Count of Montemar to Joseph Perfecto de",19,"Letter from Diego José, Fifth Count of Montemar to Joseph Perfecto de Salas (10/24/1764)",2,geogName,España
"19_5318583_box1_f17_Letter from Diego José, Fifth Count of Montemar to Joseph Perfecto de",19,"Letter from Diego José, Fifth Count of Montemar to Joseph Perfecto de Salas (10/24/1764)",2,geogName,Yndias
"19_5318583_box1_f17_Letter from Diego José, Fifth Count of Montemar to Joseph Perfecto de",19,"Letter from Diego José, Fifth Count of Montemar to Joseph Perfecto de Salas (10/24/1764)",2,geogName,españa
"19_5318583_box1_f17_Letter from Diego José, Fifth Count of Montemar to Joseph Perfecto de",19,"Letter from Diego José, Fifth Count of Montemar to Joseph Perfecto de Salas (10/24/1764)",2,geogName,Guadalaxara
"19_5318583_box1_f17_Letter from Diego José, Fifth Count of Montemar to Joseph Perfecto de",19,"Letter from Diego José, Fifth Count of Montemar to Joseph Perfecto de Salas (10/24/1764)",2,geogName,españa
"19_5318583_box1_f17_Letter from Diego José, Fifth Count of Montemar to Joseph Perfecto de",19,"Letter from Diego José, Fifth Count of Montemar to Joseph Perfecto de Salas (10/24/1764)",3,geogName,Lima
"19_5318583_box1_f17_Letter from Diego José, Fifth Count of Montemar to Joseph Perfecto de",19,"Letter from Diego José, Fifth Count of Montemar to Joseph Perfecto de Salas (10/24/1764)",3,geogName,Europa
"19_5318583_box1_f17_Letter from Diego José, Fifth Count of Montemar to Joseph Perfecto de",19,"Letter from Diego José, Fifth Count of Montemar to Joseph Perfecto de Salas (10/24/1764)",3,geogName,españa
"19_5318583_box1_f17_Letter from Diego José, Fifth Count of Montemar to Joseph Perfecto de",19,"Letter from Diego José, Fifth Count of Montemar to Joseph Perfecto de Salas (10/24/1764)",3,geogName,españa
"19_5318583_box1_f17_Letter from Diego José, Fifth Count of Montemar to Joseph Perfecto de",19,"Letter from Diego José, Fifth Count of Montemar to Joseph Perfecto de Salas (10/24/1764)",3,geogName,lima
"19_5318583_box1_f17_Letter from Diego José, Fifth Count of Montemar to Joseph Perfecto de",19,"Letter from Diego José, Fifth Count of Montemar to Joseph Perfecto de Salas (10/24/1764)",4,geogName,cadiz
"19_5318583_box1_f17_Letter from Diego José, Fifth Count of Montemar to Joseph Perfecto de",19,"Letter from Diego José, Fifth Count of Montemar to Joseph Perfecto de Salas (10/24/1764)",4,geogName,cayao
"19_5318583_box1_f17_Letter from Diego José, Fifth Count of Montemar to Joseph Perfecto de",19,"Letter from Diego José, Fifth Count of Montemar to Joseph Perfecto de Salas (10/24/1764)",4,geogName,españa
"19_5318583_box1_f17_Letter from Diego José, Fifth Count of Montemar to Joseph Perfecto de",19,"Letter from Diego José, Fifth Count of Montemar to Joseph Perfecto de Salas (10/24/1764)",4,geogName,"Balde

Abero"
"19_5318583_box1_f17_Letter from Diego José, Fifth Count of Montemar to Joseph Perfecto de",19,"Letter from Diego José, Fifth Count of Montemar to Joseph Perfecto de Salas (10/24/1764)",4,geogName,Balde Aberuelo
"19_5318583_box1_f17_Letter from Diego José, Fifth Count of Montemar to Joseph Perfecto de",19,"Letter from Diego José, Fifth Count of Montemar to Joseph Perfecto de Salas (10/24/1764)",4,geogName,Guadalaxara
"19_5318583_box1_f17_Letter from Diego José, Fifth Count of Montemar to Joseph Perfecto de",19,"Letter from Diego José, Fifth Count of Montemar to Joseph Perfecto de Salas (10/24/1764)",5,geogName,cadiz
"19_5318583_box1_f17_Letter from Diego José, Fifth Count of Montemar to Joseph Perfecto de",19,"Letter from Diego José, Fifth Count of Montemar to Joseph Perfecto de Salas (10/24/1764)",5,geogName,Guadalaxara
20_5318583_box1_f18_Letter from Pedro Carrillo de Albornoz y Bravo de Lagunas to Diego Jos,20,"Letter from Pedro Carrillo de Albornoz y Bravo de Lagunas to Diego José, Fifth Count of Montemar (1/3/1765)",1,geogName,Chincha
20_5318583_box1_f18_Letter from Pedro Carrillo de Albornoz y Bravo de Lagunas to Diego Jos,20,"Letter from Pedro Carrillo de Albornoz y Bravo de Lagunas to Diego José, Fifth Count of Montemar (1/3/1765)",4,geogName,Lima
20_5318583_box1_f18_Letter from Pedro Carrillo de Albornoz y Bravo de Lagunas to Diego Jos,20,"Letter from Pedro Carrillo de Albornoz y Bravo de Lagunas to Diego José, Fifth Count of Montemar (1/3/1765)",7,geogName,Yslas de Barlobento
20_5318583_box1_f18_Letter from Pedro Carrillo de Albornoz y Bravo de Lagunas to Diego Jos,20,"Letter from Pedro Carrillo de Albornoz y Bravo de Lagunas to Diego José, Fifth Count of Montemar (1/3/1765)",7,geogName,"yslas

antillas"
"21_5318583_box1_f19_Letter from Diego José, Fifth Count of Montemar to Marquis of Lara (1",21,"Letter from Diego José, Fifth Count of Montemar to Marquis of Lara (1/23/1765)",1,geogName,Mᵈ
"21_5318583_box1_f19_Letter from Diego José, Fifth Count of Montemar to Marquis of Lara (1",21,"Letter from Diego José, Fifth Count of Montemar to Marquis of Lara (1/23/1765)",1,geogName,"cavo de

hornos"
"21_5318583_box1_f19_Letter from Diego José, Fifth Count of Montemar to Marquis of Lara (1",21,"Letter from Diego José, Fifth Count of Montemar to Marquis of Lara (1/23/1765)",1,geogName,Cadiz
"21_5318583_box1_f19_Letter from Diego José, Fifth Count of Montemar to Marquis of Lara (1",21,"Letter from Diego José, Fifth Count of Montemar to Marquis of Lara (1/23/1765)",5,geogName,Cadiz
"21_5318583_box1_f19_Letter from Diego José, Fifth Count of Montemar to Marquis of Lara (1",21,"Letter from Diego José, Fifth Count of Montemar to Marquis of Lara (1/23/1765)",8,geogName,Madrid
"21_5318583_box1_f19_Letter from Diego José, Fifth Count of Montemar to Marquis of Lara (1",21,"Letter from Diego José, Fifth Count of Montemar to Marquis of Lara (1/23/1765)",10,geogName,Redecilla
"21_5318583_box1_f19_Letter from Diego José, Fifth Count of Montemar to Marquis of Lara (1",21,"Letter from Diego José, Fifth Count of Montemar to Marquis of Lara (1/23/1765)",12,geogName,Sica Sica
"21_5318583_box1_f19_Letter from Diego José, Fifth Count of Montemar to Marquis of Lara (1",21,"Letter from Diego José, Fifth Count of Montemar to Marquis of Lara (1/23/1765)",14,geogName,Habana
"21_5318583_box1_f19_Letter from Diego José, Fifth Count of Montemar to Marquis of Lara (1",21,"Letter from Diego José, Fifth Count of Montemar to Marquis of Lara (1/23/1765)",17,geogName,Santa Fe
"21_5318583_box1_f19_Letter from Diego José, Fifth Count of Montemar to Marquis of Lara (1",21,"Letter from Diego José, Fifth Count of Montemar to Marquis of Lara (1/23/1765)",19,geogName,Havana
"21_5318583_box1_f19_Letter from Diego José, Fifth Count of Montemar to Marquis of Lara (1",21,"Letter from Diego José, Fifth Count of Montemar to Marquis of Lara (1/23/1765)",19,geogName,Mexico
"21_5318583_box1_f19_Letter from Diego José, Fifth Count of Montemar to Marquis of Lara (1",21,"Letter from Diego José, Fifth Count of Montemar to Marquis of Lara (1/23/1765)",19,geogName,Perú
"21_5318583_box1_f19_Letter from Diego José, Fifth Count of Montemar to Marquis of Lara (1",21,"Letter from Diego José, Fifth Count of Montemar to Marquis of Lara (1/23/1765)",21,geogName,Havana
"21_5318583_box1_f19_Letter from Diego José, Fifth Count of Montemar to Marquis of Lara (1",21,"Letter from Diego José, Fifth Count of Montemar to Marquis of Lara (1/23/1765)",23,geogName,Yndias
"21_5318583_box1_f19_Letter from Diego José, Fifth Count of Montemar to Marquis of Lara (1",21,"Letter from Diego José, Fifth Count of Montemar to Marquis of Lara (1/23/1765)",23,geogName,Cadiz
"22_5318583_box1_f20_Letter from Diego José, Fifth Count of Montemar to unknown (1_29_1765)",22,"Letter from Diego José, Fifth Count of Montemar to unknown (1/29/1765)",1,geogName,Mᵈ
"22_5318583_box1_f20_Letter from Diego José, Fifth Count of Montemar to unknown (1_29_1765)",22,"Letter from Diego José, Fifth Count of Montemar to unknown (1/29/1765)",2,geogName,España
"22_5318583_box1_f20_Letter from Diego José, Fifth Count of Montemar to unknown (1_29_1765)",22,"Letter from Diego José, Fifth Count of Montemar to unknown (1/29/1765)",2,geogName,Yndias
"22_5318583_box1_f20_Letter from Diego José, Fifth Count of Montemar to unknown (1_29_1765)",22,"Letter from Diego José, Fifth Count of Montemar to unknown (1/29/1765)",3,geogName,Havana
"22_5318583_box1_f20_Letter from Diego José, Fifth Count of Montemar to unknown (1_29_1765)",22,"Letter from Diego José, Fifth Count of Montemar to unknown (1/29/1765)",4,geogName,Guancavelica
"23_5318583_box1_f21_Letter from Marquis of Lara to Diego José, Fifth Count of Montemar (3",23,"Letter from Marquis of Lara to Diego José, Fifth Count of Montemar (3/9/1765)",1,geogName,Lima
"23_5318583_box1_f21_Letter from Marquis of Lara to Diego José, Fifth Count of Montemar (3",23,"Letter from Marquis of Lara to Diego José, Fifth Count of Montemar (3/9/1765)",1,geogName,Callao
"23_5318583_box1_f21_Letter from Marquis of Lara to Diego José, Fifth Count of Montemar (3",23,"Letter from Marquis of Lara to Diego José, Fifth Count of Montemar (3/9/1765)",1,geogName,Cadiz
"23_5318583_box1_f21_Letter from Marquis of Lara to Diego José, Fifth Count of Montemar (3",23,"Letter from Marquis of Lara to Diego José, Fifth Count of Montemar (3/9/1765)",4,geogName,Chile
"23_5318583_box1_f21_Letter from Marquis of Lara to Diego José, Fifth Count of Montemar (3",23,"Letter from Marquis of Lara to Diego José, Fifth Count of Montemar (3/9/1765)",5,geogName,Cadiz
"23_5318583_box1_f21_Letter from Marquis of Lara to Diego José, Fifth Count of Montemar (3",23,"Letter from Marquis of Lara to Diego José, Fifth Count of Montemar (3/9/1765)",6,geogName,Cadiz
"23_5318583_box1_f21_Letter from Marquis of Lara to Diego José, Fifth Count of Montemar (3",23,"Letter from Marquis of Lara to Diego José, Fifth Count of Montemar (3/9/1765)",7,geogName,España
"23_5318583_box1_f21_Letter from Marquis of Lara to Diego José, Fifth Count of Montemar (3",23,"Letter from Marquis of Lara to Diego José, Fifth Count of Montemar (3/9/1765)",7,geogName,Guancavelica
"23_5318583_box1_f21_Letter from Marquis of Lara to Diego José, Fifth Count of Montemar (3",23,"Letter from Marquis of Lara to Diego José, Fifth Count of Montemar (3/9/1765)",7,geogName,"la

Havana"
"23_5318583_box1_f21_Letter from Marquis of Lara to Diego José, Fifth Count of Montemar (3",23,"Letter from Marquis of Lara to Diego José, Fifth Count of Montemar (3/9/1765)",7,geogName,Panama
"23_5318583_box1_f21_Letter from Marquis of Lara to Diego José, Fifth Count of Montemar (3",23,"Letter from Marquis of Lara to Diego José, Fifth Count of Montemar (3/9/1765)",7,geogName,Cartaxⁿᵃ
"23_5318583_box1_f21_Letter from Marquis of Lara to Diego José, Fifth Count of Montemar (3",23,"Letter from Marquis of Lara to Diego José, Fifth Count of Montemar (3/9/1765)",7,geogName,Cadiz
"23_5318583_box1_f21_Letter from Marquis of Lara to Diego José, Fifth Count of Montemar (3",23,"Letter from Marquis of Lara to Diego José, Fifth Count of Montemar (3/9/1765)",8,geogName,Cadiz
"23_5318583_box1_f21_Letter from Marquis of Lara to Diego José, Fifth Count of Montemar (3",23,"Letter from Marquis of Lara to Diego José, Fifth Count of Montemar (3/9/1765)",8,geogName,Guamanga
"23_5318583_box1_f21_Letter from Marquis of Lara to Diego José, Fifth Count of Montemar (3",23,"Letter from Marquis of Lara to Diego José, Fifth Count of Montemar (3/9/1765)",8,geogName,Guamanga
"23_5318583_box1_f21_Letter from Marquis of Lara to Diego José, Fifth Count of Montemar (3",23,"Letter from Marquis of Lara to Diego José, Fifth Count of Montemar (3/9/1765)",9,geogName,Arequipa
"23_5318583_box1_f21_Letter from Marquis of Lara to Diego José, Fifth Count of Montemar (3",23,"Letter from Marquis of Lara to Diego José, Fifth Count of Montemar (3/9/1765)",9,geogName,Lima
"23_5318583_box1_f21_Letter from Marquis of Lara to Diego José, Fifth Count of Montemar (3",23,"Letter from Marquis of Lara to Diego José, Fifth Count of Montemar (3/9/1765)",9,geogName,Arequipa
"23_5318583_box1_f21_Letter from Marquis of Lara to Diego José, Fifth Count of Montemar (3",23,"Letter from Marquis of Lara to Diego José, Fifth Count of Montemar (3/9/1765)",9,geogName,Lima
"23_5318583_box1_f21_Letter from Marquis of Lara to Diego José, Fifth Count of Montemar (3",23,"Letter from Marquis of Lara to Diego José, Fifth Count of Montemar (3/9/1765)",9,geogName,Guanta
"23_5318583_box1_f21_Letter from Marquis of Lara to Diego José, Fifth Count of Montemar (3",23,"Letter from Marquis of Lara to Diego José, Fifth Count of Montemar (3/9/1765)",10,geogName,Arequipa
"23_5318583_box1_f21_Letter from Marquis of Lara to Diego José, Fifth Count of Montemar (3",23,"Letter from Marquis of Lara to Diego José, Fifth Count of Montemar (3/9/1765)",10,geogName,Cuzco
24_5318583_box1_f22_Letter from Pedro Carrillo de Albornoz y Bravo de Lagunas to Diego Jos,24,"Letter from Pedro Carrillo de Albornoz y Bravo de Lagunas to Diego José, Fifth Count of Montemar (3/30/1765)",1,geogName,Lima
24_5318583_box1_f22_Letter from Pedro Carrillo de Albornoz y Bravo de Lagunas to Diego Jos,24,"Letter from Pedro Carrillo de Albornoz y Bravo de Lagunas to Diego José, Fifth Count of Montemar (3/30/1765)",1,geogName,cadiz
24_5318583_box1_f22_Letter from Pedro Carrillo de Albornoz y Bravo de Lagunas to Diego Jos,24,"Letter from Pedro Carrillo de Albornoz y Bravo de Lagunas to Diego José, Fifth Count of Montemar (3/30/1765)",5,geogName,Europa
24_5318583_box1_f22_Letter from Pedro Carrillo de Albornoz y Bravo de Lagunas to Diego Jos,24,"Letter from Pedro Carrillo de Albornoz y Bravo de Lagunas to Diego José, Fifth Count of Montemar (3/30/1765)",6,geogName,Quispicanchi
24_5318583_box1_f22_Letter from Pedro Carrillo de Albornoz y Bravo de Lagunas to Diego Jos,24,"Letter from Pedro Carrillo de Albornoz y Bravo de Lagunas to Diego José, Fifth Count of Montemar (3/30/1765)",6,geogName,Europa
24_5318583_box1_f22_Letter from Pedro Carrillo de Albornoz y Bravo de Lagunas to Diego Jos,24,"Letter from Pedro Carrillo de Albornoz y Bravo de Lagunas to Diego José, Fifth Count of Montemar (3/30/1765)",9,geogName,Lima
"25_5318583_box1_f23_Letter from Diego José, Fifth Count of Montemar to Nicolás Manrique de",25,"Letter from Diego José, Fifth Count of Montemar to Nicolás Manrique de Lara (8/20/1765)",1,geogName,Mᵈ
"25_5318583_box1_f23_Letter from Diego José, Fifth Count of Montemar to Nicolás Manrique de",25,"Letter from Diego José, Fifth Count of Montemar to Nicolás Manrique de Lara (8/20/1765)",1,geogName,Lima
"25_5318583_box1_f23_Letter from Diego José, Fifth Count of Montemar to Nicolás Manrique de",25,"Letter from Diego José, Fifth Count of Montemar to Nicolás Manrique de Lara (8/20/1765)",1,geogName,España
"25_5318583_box1_f23_Letter from Diego José, Fifth Count of Montemar to Nicolás Manrique de",25,"Letter from Diego José, Fifth Count of Montemar to Nicolás Manrique de Lara (8/20/1765)",2,geogName,trillo
"25_5318583_box1_f23_Letter from Diego José, Fifth Count of Montemar to Nicolás Manrique de",25,"Letter from Diego José, Fifth Count of Montemar to Nicolás Manrique de Lara (8/20/1765)",3,geogName,trillo
"25_5318583_box1_f23_Letter from Diego José, Fifth Count of Montemar to Nicolás Manrique de",25,"Letter from Diego José, Fifth Count of Montemar to Nicolás Manrique de Lara (8/20/1765)",4,geogName,trillo
"25_5318583_box1_f23_Letter from Diego José, Fifth Count of Montemar to Nicolás Manrique de",25,"Letter from Diego José, Fifth Count of Montemar to Nicolás Manrique de Lara (8/20/1765)",4,geogName,Madrid
"25_5318583_box1_f23_Letter from Diego José, Fifth Count of Montemar to Nicolás Manrique de",25,"Letter from Diego José, Fifth Count of Montemar to Nicolás Manrique de Lara (8/20/1765)",4,geogName,Madrid
"25_5318583_box1_f23_Letter from Diego José, Fifth Count of Montemar to Nicolás Manrique de",25,"Letter from Diego José, Fifth Count of Montemar to Nicolás Manrique de Lara (8/20/1765)",5,geogName,Madrid
"25_5318583_box1_f23_Letter from Diego José, Fifth Count of Montemar to Nicolás Manrique de",25,"Letter from Diego José, Fifth Count of Montemar to Nicolás Manrique de Lara (8/20/1765)",5,geogName,Madrid
"25_5318583_box1_f23_Letter from Diego José, Fifth Count of Montemar to Nicolás Manrique de",25,"Letter from Diego José, Fifth Count of Montemar to Nicolás Manrique de Lara (8/20/1765)",6,geogName,Lima
"25_5318583_box1_f23_Letter from Diego José, Fifth Count of Montemar to Nicolás Manrique de",25,"Letter from Diego José, Fifth Count of Montemar to Nicolás Manrique de Lara (8/20/1765)",6,geogName,Lima
"26_5318583_box1_f24_Letter from a friend to Diego José, Fifth Count of Montemar (9_29_1765",26,"Letter from a friend to Diego José, Fifth Count of Montemar (9/29/1765)",1,geogName,Tudela
"26_5318583_box1_f24_Letter from a friend to Diego José, Fifth Count of Montemar (9_29_1765",26,"Letter from a friend to Diego José, Fifth Count of Montemar (9/29/1765)",1,geogName,Zaragoza
"26_5318583_box1_f24_Letter from a friend to Diego José, Fifth Count of Montemar (9_29_1765",26,"Letter from a friend to Diego José, Fifth Count of Montemar (9/29/1765)",1,geogName,Madrid
"26_5318583_box1_f24_Letter from a friend to Diego José, Fifth Count of Montemar (9_29_1765",26,"Letter from a friend to Diego José, Fifth Count of Montemar (9/29/1765)",1,geogName,Agreda
"26_5318583_box1_f24_Letter from a friend to Diego José, Fifth Count of Montemar (9_29_1765",26,"Letter from a friend to Diego José, Fifth Count of Montemar (9/29/1765)",1,geogName,Agreda
"26_5318583_box1_f24_Letter from a friend to Diego José, Fifth Count of Montemar (9_29_1765",26,"Letter from a friend to Diego José, Fifth Count of Montemar (9/29/1765)",2,geogName,Sica Sica
"26_5318583_box1_f24_Letter from a friend to Diego José, Fifth Count of Montemar (9_29_1765",26,"Letter from a friend to Diego José, Fifth Count of Montemar (9/29/1765)",2,geogName,Yndias
"27_5318583_box1_f25_Letter from Joseph Portocarrero Pallarés, Knight of the Order of Santi",27,"Letter from Joseph Portocarrero Pallarés, Knight of the Order of Santiago to Marquis of Lara (11/14/1765)",1,geogName,Madrid
"28_5318583_box1_f26_Letter from Diego José, Fifth Count of Montemar to Marquis of Lara (11",28,"Letter from Diego José, Fifth Count of Montemar to Marquis of Lara (11/23/1765)",1,geogName,Mᵈ
"28_5318583_box1_f26_Letter from Diego José, Fifth Count of Montemar to Marquis of Lara (11",28,"Letter from Diego José, Fifth Count of Montemar to Marquis of Lara (11/23/1765)",2,geogName,Quispicanchi
"28_5318583_box1_f26_Letter from Diego José, Fifth Count of Montemar to Marquis of Lara (11",28,"Letter from Diego José, Fifth Count of Montemar to Marquis of Lara (11/23/1765)",5,geogName,España
"28_5318583_box1_f26_Letter from Diego José, Fifth Count of Montemar to Marquis of Lara (11",28,"Letter from Diego José, Fifth Count of Montemar to Marquis of Lara (11/23/1765)",6,geogName,España
"28_5318583_box1_f26_Letter from Diego José, Fifth Count of Montemar to Marquis of Lara (11",28,"Letter from Diego José, Fifth Count of Montemar to Marquis of Lara (11/23/1765)",6,geogName,callao
"28_5318583_box1_f26_Letter from Diego José, Fifth Count of Montemar to Marquis of Lara (11",28,"Letter from Diego José, Fifth Count of Montemar to Marquis of Lara (11/23/1765)",7,geogName,España
"28_5318583_box1_f26_Letter from Diego José, Fifth Count of Montemar to Marquis of Lara (11",28,"Letter from Diego José, Fifth Count of Montemar to Marquis of Lara (11/23/1765)",7,geogName,España
"28_5318583_box1_f26_Letter from Diego José, Fifth Count of Montemar to Marquis of Lara (11",28,"Letter from Diego José, Fifth Count of Montemar to Marquis of Lara (11/23/1765)",7,geogName,Lima
"28_5318583_box1_f26_Letter from Diego José, Fifth Count of Montemar to Marquis of Lara (11",28,"Letter from Diego José, Fifth Count of Montemar to Marquis of Lara (11/23/1765)",12,geogName,Aymaraes
"28_5318583_box1_f26_Letter from Diego José, Fifth Count of Montemar to Marquis of Lara (11",28,"Letter from Diego José, Fifth Count of Montemar to Marquis of Lara (11/23/1765)",12,geogName,Conchucos
"28_5318583_box1_f26_Letter from Diego José, Fifth Count of Montemar to Marquis of Lara (11",28,"Letter from Diego José, Fifth Count of Montemar to Marquis of Lara (11/23/1765)",12,geogName,Aymaraes
"28_5318583_box1_f26_Letter from Diego José, Fifth Count of Montemar to Marquis of Lara (11",28,"Letter from Diego José, Fifth Count of Montemar to Marquis of Lara (11/23/1765)",12,geogName,Conchucos
"28_5318583_box1_f26_Letter from Diego José, Fifth Count of Montemar to Marquis of Lara (11",28,"Letter from Diego José, Fifth Count of Montemar to Marquis of Lara (11/23/1765)",13,geogName,Quispicanchi
"28_5318583_box1_f26_Letter from Diego José, Fifth Count of Montemar to Marquis of Lara (11",28,"Letter from Diego José, Fifth Count of Montemar to Marquis of Lara (11/23/1765)",13,geogName,Quispicanchi
"28_5318583_box1_f26_Letter from Diego José, Fifth Count of Montemar to Marquis of Lara (11",28,"Letter from Diego José, Fifth Count of Montemar to Marquis of Lara (11/23/1765)",13,geogName,Asangaro
"28_5318583_box1_f26_Letter from Diego José, Fifth Count of Montemar to Marquis of Lara (11",28,"Letter from Diego José, Fifth Count of Montemar to Marquis of Lara (11/23/1765)",15,geogName,Cavo
"28_5318583_box1_f26_Letter from Diego José, Fifth Count of Montemar to Marquis of Lara (11",28,"Letter from Diego José, Fifth Count of Montemar to Marquis of Lara (11/23/1765)",16,geogName,Quispicanchi
"29_5318583_box1_f27_Letter from Diego José, Fifth Count of Montemar to Rosa, Marchioness o",29,"Letter from Diego José, Fifth Count of Montemar to Rosa, Marchioness of Lara (11/23/1765)",1,geogName,Mᵈ
"29_5318583_box1_f27_Letter from Diego José, Fifth Count of Montemar to Rosa, Marchioness o",29,"Letter from Diego José, Fifth Count of Montemar to Rosa, Marchioness of Lara (11/23/1765)",1,geogName,cavo
"30_5318583_box1_f28_Letter from Diego José, Fifth Count of Montemar to Juan Bautista Carri",30,"Letter from Diego José, Fifth Count of Montemar to Juan Bautista Carrillo de Albornoz y Bravo de Lagunas (11/23/1765)",1,geogName,Mᵈ
"30_5318583_box1_f28_Letter from Diego José, Fifth Count of Montemar to Juan Bautista Carri",30,"Letter from Diego José, Fifth Count of Montemar to Juan Bautista Carrillo de Albornoz y Bravo de Lagunas (11/23/1765)",5,geogName,Sica Sica
"30_5318583_box1_f28_Letter from Diego José, Fifth Count of Montemar to Juan Bautista Carri",30,"Letter from Diego José, Fifth Count of Montemar to Juan Bautista Carrillo de Albornoz y Bravo de Lagunas (11/23/1765)",5,geogName,Sica Sica
"30_5318583_box1_f28_Letter from Diego José, Fifth Count of Montemar to Juan Bautista Carri",30,"Letter from Diego José, Fifth Count of Montemar to Juan Bautista Carrillo de Albornoz y Bravo de Lagunas (11/23/1765)",5,geogName,cavo
"30_5318583_box1_f28_Letter from Diego José, Fifth Count of Montemar to Juan Bautista Carri",30,"Letter from Diego José, Fifth Count of Montemar to Juan Bautista Carrillo de Albornoz y Bravo de Lagunas (11/23/1765)",6,geogName,cavo
"30_5318583_box1_f28_Letter from Diego José, Fifth Count of Montemar to Juan Bautista Carri",30,"Letter from Diego José, Fifth Count of Montemar to Juan Bautista Carrillo de Albornoz y Bravo de Lagunas (11/23/1765)",6,geogName,Sica Sica
"31_5318583_box1_f29_Letter from Diego José, Fifth Count of Montemar to Pedro Carrillo de A",31,"Letter from Diego José, Fifth Count of Montemar to Pedro Carrillo de Albornoz y Bravo de Lagunas (12/3/1765)",1,geogName,Mᵈ
"31_5318583_box1_f29_Letter from Diego José, Fifth Count of Montemar to Pedro Carrillo de A",31,"Letter from Diego José, Fifth Count of Montemar to Pedro Carrillo de Albornoz y Bravo de Lagunas (12/3/1765)",2,geogName,Quispicanchi
"31_5318583_box1_f29_Letter from Diego José, Fifth Count of Montemar to Pedro Carrillo de A",31,"Letter from Diego José, Fifth Count of Montemar to Pedro Carrillo de Albornoz y Bravo de Lagunas (12/3/1765)",4,geogName,Quispicanchi
"32_5318583_box1_f30_Letter from Diego José, Fifth Count of Montemar to Joseph Perfecto de",32,"Letter from Diego José, Fifth Count of Montemar to Joseph Perfecto de Salas (12/3/1765)",1,geogName,Mᵈ
"32_5318583_box1_f30_Letter from Diego José, Fifth Count of Montemar to Joseph Perfecto de",32,"Letter from Diego José, Fifth Count of Montemar to Joseph Perfecto de Salas (12/3/1765)",1,geogName,coruña
"32_5318583_box1_f30_Letter from Diego José, Fifth Count of Montemar to Joseph Perfecto de",32,"Letter from Diego José, Fifth Count of Montemar to Joseph Perfecto de Salas (12/3/1765)",1,geogName,cabo
"32_5318583_box1_f30_Letter from Diego José, Fifth Count of Montemar to Joseph Perfecto de",32,"Letter from Diego José, Fifth Count of Montemar to Joseph Perfecto de Salas (12/3/1765)",3,geogName,Yndias
"32_5318583_box1_f30_Letter from Diego José, Fifth Count of Montemar to Joseph Perfecto de",32,"Letter from Diego José, Fifth Count of Montemar to Joseph Perfecto de Salas (12/3/1765)",4,geogName,chile
"32_5318583_box1_f30_Letter from Diego José, Fifth Count of Montemar to Joseph Perfecto de",32,"Letter from Diego José, Fifth Count of Montemar to Joseph Perfecto de Salas (12/3/1765)",5,geogName,chile
"32_5318583_box1_f30_Letter from Diego José, Fifth Count of Montemar to Joseph Perfecto de",32,"Letter from Diego José, Fifth Count of Montemar to Joseph Perfecto de Salas (12/3/1765)",6,geogName,"Cica

Cica"
"32_5318583_box1_f30_Letter from Diego José, Fifth Count of Montemar to Joseph Perfecto de",32,"Letter from Diego José, Fifth Count of Montemar to Joseph Perfecto de Salas (12/3/1765)",10,geogName,Mᵈ
