carta_id,nro_carta,titulo,categoria,frecuencia_categoria,porcentaje_tokens,palabras_encontradas
01_5318583_box1_f1_Letter from Pedro Carrillo de Albornoz y Bravo de Lagunas to Diego Jos,1,"Letter from Pedro Carrillo de Albornoz y Bravo de Lagunas to Diego José, Fifth Count of Montemar (2/27/1761)",familia_parentesco,17,1.3676588897827837,"abuelo, amado, casa, familia, hermano, hermanos, madre, obediencia, padre, tia"
01_5318583_box1_f1_Letter from Pedro Carrillo de Albornoz y Bravo de Lagunas to Diego Jos,1,"Letter from Pedro Carrillo de Albornoz y Bravo de Lagunas to Diego José, Fifth Count of Montemar (2/27/1761)",administracion_cargos,25,2.011263073209976,"audiencia, consulado, corregimiento, derechos, escribano, navieros, navios, oficio, oficios, pribilejio, provincia, sedula, theniente"
01_5318583_box1_f1_Letter from Pedro Carrillo de Albornoz y Bravo de Lagunas to Diego Jos,1,"Letter from Pedro Carrillo de Albornoz y Bravo de Lagunas to Diego José, Fifth Count of Montemar (2/27/1761)",religion,16,1.2872083668543846,"bautismo, capellania, capellanias, cofradia, curato, missas, oleo, padre, presbitero, yndios"
01_5318583_box1_f1_Letter from Pedro Carrillo de Albornoz y Bravo de Lagunas to Diego Jos,1,"Letter from Pedro Carrillo de Albornoz y Bravo de Lagunas to Diego José, Fifth Count of Montemar (2/27/1761)",economia_patrimonio,19,1.5285599356395816,"cassas, censos, derechos, dinero, finca, intereses, mayorasgo, patronato, principal, rrenta, soldada, utilidades, vinculo"
01_5318583_box1_f1_Letter from Pedro Carrillo de Albornoz y Bravo de Lagunas to Diego Jos,1,"Letter from Pedro Carrillo de Albornoz y Bravo de Lagunas to Diego José, Fifth Count of Montemar (2/27/1761)",lugares_territorio,14,1.1263073209975865,"america, ana, apongo, canta, guanta, lima, mar, norte, provincia, pueblo, santa, sebilla, sercado"
01_5318583_box1_f1_Letter from Pedro Carrillo de Albornoz y Bravo de Lagunas to Diego Jos,1,"Letter from Pedro Carrillo de Albornoz y Bravo de Lagunas to Diego José, Fifth Count of Montemar (2/27/1761)",escritura_documentos,17,1.3676588897827837,"carta, clausula, escritura, letras, libro, papeles, partida, partidas, sedula, sertificasion, testamᵗᵒ, thestamento"
02_5318583_box1_f2_Letter from Pedro Carrillo de Albornoz y Bravo de Lagunas to Diego Jos,2,"Letter from Pedro Carrillo de Albornoz y Bravo de Lagunas to Diego José, Fifth Count of Montemar (4/1/1761)",familia_parentesco,5,1.1135857461024499,"casa, hermanos"
02_5318583_box1_f2_Letter from Pedro Carrillo de Albornoz y Bravo de Lagunas to Diego Jos,2,"Letter from Pedro Carrillo de Albornoz y Bravo de Lagunas to Diego José, Fifth Count of Montemar (4/1/1761)",administracion_cargos,0,0.0,
02_5318583_box1_f2_Letter from Pedro Carrillo de Albornoz y Bravo de Lagunas to Diego Jos,2,"Letter from Pedro Carrillo de Albornoz y Bravo de Lagunas to Diego José, Fifth Count of Montemar (4/1/1761)",religion,0,0.0,
02_5318583_box1_f2_Letter from Pedro Carrillo de Albornoz y Bravo de Lagunas to Diego Jos,2,"Letter from Pedro Carrillo de Albornoz y Bravo de Lagunas to Diego José, Fifth Count of Montemar (4/1/1761)",economia_patrimonio,0,0.0,
02_5318583_box1_f2_Letter from Pedro Carrillo de Albornoz y Bravo de Lagunas to Diego Jos,2,"Letter from Pedro Carrillo de Albornoz y Bravo de Lagunas to Diego José, Fifth Count of Montemar (4/1/1761)",lugares_territorio,1,0.22271714922048996,lima
02_5318583_box1_f2_Letter from Pedro Carrillo de Albornoz y Bravo de Lagunas to Diego Jos,2,"Letter from Pedro Carrillo de Albornoz y Bravo de Lagunas to Diego José, Fifth Count of Montemar (4/1/1761)",escritura_documentos,4,0.8908685968819599,"carta, cartas, papeles"
03_5318583_box1_f3_Letter from Pedro Carrillo de Albornoz y Bravo de Lagunas to Diego Jos,3,"Letter from Pedro Carrillo de Albornoz y Bravo de Lagunas to Diego José, Fifth Count of Montemar (8/27/1761)",familia_parentesco,5,0.723589001447178,"hermano, hermanos"
03_5318583_box1_f3_Letter from Pedro Carrillo de Albornoz y Bravo de Lagunas to Diego Jos,3,"Letter from Pedro Carrillo de Albornoz y Bravo de Lagunas to Diego José, Fifth Count of Montemar (8/27/1761)",administracion_cargos,2,0.2894356005788712,corregimiento
03_5318583_box1_f3_Letter from Pedro Carrillo de Albornoz y Bravo de Lagunas to Diego Jos,3,"Letter from Pedro Carrillo de Albornoz y Bravo de Lagunas to Diego José, Fifth Count of Montemar (8/27/1761)",religion,1,0.1447178002894356,cura
03_5318583_box1_f3_Letter from Pedro Carrillo de Albornoz y Bravo de Lagunas to Diego Jos,3,"Letter from Pedro Carrillo de Albornoz y Bravo de Lagunas to Diego José, Fifth Count of Montemar (8/27/1761)",economia_patrimonio,0,0.0,
03_5318583_box1_f3_Letter from Pedro Carrillo de Albornoz y Bravo de Lagunas to Diego Jos,3,"Letter from Pedro Carrillo de Albornoz y Bravo de Lagunas to Diego José, Fifth Count of Montemar (8/27/1761)",lugares_territorio,1,0.1447178002894356,lima
03_5318583_box1_f3_Letter from Pedro Carrillo de Albornoz y Bravo de Lagunas to Diego Jos,3,"Letter from Pedro Carrillo de Albornoz y Bravo de Lagunas to Diego José, Fifth Count of Montemar (8/27/1761)",escritura_documentos,2,0.2894356005788712,"papeles, sertificasion"
04_5318583_box1_f4_Letter from Pedro Carrillo de Albornoz y Bravo de Lagunas to Diego Jos,4,"Letter from Pedro Carrillo de Albornoz y Bravo de Lagunas to Diego José, Fifth Count of Montemar (10/26/1761)",familia_parentesco,15,1.1727912431587177,"amante, casa, familia, hermano, hermanos, hijos, madre"
04_5318583_box1_f4_Letter from Pedro Carrillo de Albornoz y Bravo de Lagunas to Diego Jos,4,"Letter from Pedro Carrillo de Albornoz y Bravo de Lagunas to Diego José, Fifth Count of Montemar (10/26/1761)",administracion_cargos,2,0.1563721657544957,"audiencia, corregimiento"
04_5318583_box1_f4_Letter from Pedro Carrillo de Albornoz y Bravo de Lagunas to Diego Jos,4,"Letter from Pedro Carrillo de Albornoz y Bravo de Lagunas to Diego José, Fifth Count of Montemar (10/26/1761)",religion,0,0.0,
04_5318583_box1_f4_Letter from Pedro Carrillo de Albornoz y Bravo de Lagunas to Diego Jos,4,"Letter from Pedro Carrillo de Albornoz y Bravo de Lagunas to Diego José, Fifth Count of Montemar (10/26/1761)",economia_patrimonio,2,0.1563721657544957,"cassas, rrenta"
04_5318583_box1_f4_Letter from Pedro Carrillo de Albornoz y Bravo de Lagunas to Diego Jos,4,"Letter from Pedro Carrillo de Albornoz y Bravo de Lagunas to Diego José, Fifth Count of Montemar (10/26/1761)",lugares_territorio,1,0.07818608287724785,lima
04_5318583_box1_f4_Letter from Pedro Carrillo de Albornoz y Bravo de Lagunas to Diego Jos,4,"Letter from Pedro Carrillo de Albornoz y Bravo de Lagunas to Diego José, Fifth Count of Montemar (10/26/1761)",escritura_documentos,2,0.1563721657544957,"cartas, papeles"
05_5318583_box1_f5_Letter from Pedro Carrillo de Albornoz y Bravo de Lagunas to Diego Jos,5,"Letter from Pedro Carrillo de Albornoz y Bravo de Lagunas to Diego José, Fifth Count of Montemar (6/24/1762)",familia_parentesco,10,0.7598784194528876,"amado, casa, hermano, hermanos, hija, madre"
05_5318583_box1_f5_Letter from Pedro Carrillo de Albornoz y Bravo de Lagunas to Diego Jos,5,"Letter from Pedro Carrillo de Albornoz y Bravo de Lagunas to Diego José, Fifth Count of Montemar (6/24/1762)",administracion_cargos,5,0.3799392097264438,"oficio, teniente, theniente"
05_5318583_box1_f5_Letter from Pedro Carrillo de Albornoz y Bravo de Lagunas to Diego Jos,5,"Letter from Pedro Carrillo de Albornoz y Bravo de Lagunas to Diego José, Fifth Count of Montemar (6/24/1762)",religion,2,0.1519756838905775,"cura, misa"
05_5318583_box1_f5_Letter from Pedro Carrillo de Albornoz y Bravo de Lagunas to Diego Jos,5,"Letter from Pedro Carrillo de Albornoz y Bravo de Lagunas to Diego José, Fifth Count of Montemar (6/24/1762)",economia_patrimonio,1,0.07598784194528875,principal
05_5318583_box1_f5_Letter from Pedro Carrillo de Albornoz y Bravo de Lagunas to Diego Jos,5,"Letter from Pedro Carrillo de Albornoz y Bravo de Lagunas to Diego José, Fifth Count of Montemar (6/24/1762)",lugares_territorio,2,0.1519756838905775,"guanta, lima"
05_5318583_box1_f5_Letter from Pedro Carrillo de Albornoz y Bravo de Lagunas to Diego Jos,5,"Letter from Pedro Carrillo de Albornoz y Bravo de Lagunas to Diego José, Fifth Count of Montemar (6/24/1762)",escritura_documentos,4,0.303951367781155,"carta, cartas"
"06_5318583_box1_f6_Letter from Diego José, Fifth Count of Montemar to Marquis of Lara (8",6,"Letter from Diego José, Fifth Count of Montemar to Marquis of Lara (8/10/1762)",familia_parentesco,13,0.4321808510638298,"amado, casa, hermana, hermano, hijo, hijos, madre, prima, tia"
"06_5318583_box1_f6_Letter from Diego José, Fifth Count of Montemar to Marquis of Lara (8",6,"Letter from Diego José, Fifth Count of Montemar to Marquis of Lara (8/10/1762)",administracion_cargos,1,0.03324468085106383,oficio
"06_5318583_box1_f6_Letter from Diego José, Fifth Count of Montemar to Marquis of Lara (8",6,"Letter from Diego José, Fifth Count of Montemar to Marquis of Lara (8/10/1762)",religion,0,0.0,
"06_5318583_box1_f6_Letter from Diego José, Fifth Count of Montemar to Marquis of Lara (8",6,"Letter from Diego José, Fifth Count of Montemar to Marquis of Lara (8/10/1762)",economia_patrimonio,9,0.2992021276595745,"censos, finca, intereses, mayorazgo, renta, utilidades"
"06_5318583_box1_f6_Letter from Diego José, Fifth Count of Montemar to Marquis of Lara (8",6,"Letter from Diego José, Fifth Count of Montemar to Marquis of Lara (8/10/1762)",lugares_territorio,2,0.06648936170212766,"america, lima"
"06_5318583_box1_f6_Letter from Diego José, Fifth Count of Montemar to Marquis of Lara (8",6,"Letter from Diego José, Fifth Count of Montemar to Marquis of Lara (8/10/1762)",escritura_documentos,10,0.3324468085106383,"carta, cartas, libro"
"07_5318583_box1_f7_Letter from Diego José, Fifth Count of Montemar to Juan Bautista Carri",7,"Letter from Diego José, Fifth Count of Montemar to Juan Bautista Carrillo de Albornoz y Bravo de Lagunas (8/13/1762)",familia_parentesco,7,0.9009009009009009,"abuela, amado, familia, madre, prima, tia"
"07_5318583_box1_f7_Letter from Diego José, Fifth Count of Montemar to Juan Bautista Carri",7,"Letter from Diego José, Fifth Count of Montemar to Juan Bautista Carrillo de Albornoz y Bravo de Lagunas (8/13/1762)",administracion_cargos,1,0.1287001287001287,oficio
"07_5318583_box1_f7_Letter from Diego José, Fifth Count of Montemar to Juan Bautista Carri",7,"Letter from Diego José, Fifth Count of Montemar to Juan Bautista Carrillo de Albornoz y Bravo de Lagunas (8/13/1762)",religion,1,0.1287001287001287,cura
"07_5318583_box1_f7_Letter from Diego José, Fifth Count of Montemar to Juan Bautista Carri",7,"Letter from Diego José, Fifth Count of Montemar to Juan Bautista Carrillo de Albornoz y Bravo de Lagunas (8/13/1762)",economia_patrimonio,3,0.3861003861003861,"intereses, mayorazgo, utilidad"
"07_5318583_box1_f7_Letter from Diego José, Fifth Count of Montemar to Juan Bautista Carri",7,"Letter from Diego José, Fifth Count of Montemar to Juan Bautista Carrillo de Albornoz y Bravo de Lagunas (8/13/1762)",lugares_territorio,0,0.0,
"07_5318583_box1_f7_Letter from Diego José, Fifth Count of Montemar to Juan Bautista Carri",7,"Letter from Diego José, Fifth Count of Montemar to Juan Bautista Carrillo de Albornoz y Bravo de Lagunas (8/13/1762)",escritura_documentos,2,0.2574002574002574,"carta, cartas"
"08_5318583_box1_f7b_Letter from Diego José, Fifth Count of Montemar to Juan Bautista Carri",8,"Letter from Diego José, Fifth Count of Montemar to Juan Bautista Carrillo de Albornoz y Bravo de Lagunas (8/13/1762)",familia_parentesco,8,1.034928848641656,"abuela, amado, familia, hermano, madre, prima, tia"
"08_5318583_box1_f7b_Letter from Diego José, Fifth Count of Montemar to Juan Bautista Carri",8,"Letter from Diego José, Fifth Count of Montemar to Juan Bautista Carrillo de Albornoz y Bravo de Lagunas (8/13/1762)",administracion_cargos,2,0.258732212160414,"corregimiento, oficio"
"08_5318583_box1_f7b_Letter from Diego José, Fifth Count of Montemar to Juan Bautista Carri",8,"Letter from Diego José, Fifth Count of Montemar to Juan Bautista Carrillo de Albornoz y Bravo de Lagunas (8/13/1762)",religion,1,0.129366106080207,cura
"08_5318583_box1_f7b_Letter from Diego José, Fifth Count of Montemar to Juan Bautista Carri",8,"Letter from Diego José, Fifth Count of Montemar to Juan Bautista Carrillo de Albornoz y Bravo de Lagunas (8/13/1762)",economia_patrimonio,3,0.38809831824062097,"intereses, mayorazgo, utilidad"
"08_5318583_box1_f7b_Letter from Diego José, Fifth Count of Montemar to Juan Bautista Carri",8,"Letter from Diego José, Fifth Count of Montemar to Juan Bautista Carrillo de Albornoz y Bravo de Lagunas (8/13/1762)",lugares_territorio,0,0.0,
"08_5318583_box1_f7b_Letter from Diego José, Fifth Count of Montemar to Juan Bautista Carri",8,"Letter from Diego José, Fifth Count of Montemar to Juan Bautista Carrillo de Albornoz y Bravo de Lagunas (8/13/1762)",escritura_documentos,2,0.258732212160414,"carta, cartas"
"09_5318583_box1_f8_Letter from Diego José, Fifth Count of Montemar to Isabel de la Presa",9,"Letter from Diego José, Fifth Count of Montemar to Isabel de la Presa Carrillo de Albornoz (8/13/1762)",familia_parentesco,4,0.5738880918220948,"familia, hermanos, madre"
"09_5318583_box1_f8_Letter from Diego José, Fifth Count of Montemar to Isabel de la Presa",9,"Letter from Diego José, Fifth Count of Montemar to Isabel de la Presa Carrillo de Albornoz (8/13/1762)",administracion_cargos,3,0.430416068866571,oficio
"09_5318583_box1_f8_Letter from Diego José, Fifth Count of Montemar to Isabel de la Presa",9,"Letter from Diego José, Fifth Count of Montemar to Isabel de la Presa Carrillo de Albornoz (8/13/1762)",religion,0,0.0,
"09_5318583_box1_f8_Letter from Diego José, Fifth Count of Montemar to Isabel de la Presa",9,"Letter from Diego José, Fifth Count of Montemar to Isabel de la Presa Carrillo de Albornoz (8/13/1762)",economia_patrimonio,0,0.0,
"09_5318583_box1_f8_Letter from Diego José, Fifth Count of Montemar to Isabel de la Presa",9,"Letter from Diego José, Fifth Count of Montemar to Isabel de la Presa Carrillo de Albornoz (8/13/1762)",lugares_territorio,1,0.1434720229555237,santa
"09_5318583_box1_f8_Letter from Diego José, Fifth Count of Montemar to Isabel de la Presa",9,"Letter from Diego José, Fifth Count of Montemar to Isabel de la Presa Carrillo de Albornoz (8/13/1762)",escritura_documentos,1,0.1434720229555237,carta
"10_5318583_box1_f8b_Letter from Diego José, Fifth Count of Montemar to Isabel de la Presa",10,"Letter from Diego José, Fifth Count of Montemar to Isabel de la Presa Carrillo de Albornoz (8/13/1762)",familia_parentesco,2,0.29069767441860467,"familia, madre"
"10_5318583_box1_f8b_Letter from Diego José, Fifth Count of Montemar to Isabel de la Presa",10,"Letter from Diego José, Fifth Count of Montemar to Isabel de la Presa Carrillo de Albornoz (8/13/1762)",administracion_cargos,3,0.436046511627907,oficio
"10_5318583_box1_f8b_Letter from Diego José, Fifth Count of Montemar to Isabel de la Presa",10,"Letter from Diego José, Fifth Count of Montemar to Isabel de la Presa Carrillo de Albornoz (8/13/1762)",religion,0,0.0,
"10_5318583_box1_f8b_Letter from Diego José, Fifth Count of Montemar to Isabel de la Presa",10,"Letter from Diego José, Fifth Count of Montemar to Isabel de la Presa Carrillo de Albornoz (8/13/1762)",economia_patrimonio,0,0.0,
"10_5318583_box1_f8b_Letter from Diego José, Fifth Count of Montemar to Isabel de la Presa",10,"Letter from Diego José, Fifth Count of Montemar to Isabel de la Presa Carrillo de Albornoz (8/13/1762)",lugares_territorio,0,0.0,
"10_5318583_box1_f8b_Letter from Diego José, Fifth Count of Montemar to Isabel de la Presa",10,"Letter from Diego José, Fifth Count of Montemar to Isabel de la Presa Carrillo de Albornoz (8/13/1762)",escritura_documentos,1,0.14534883720930233,carta
"11_5318583_box1_f9_Letter from Diego José, Fifth Count of Montemar to Marquis of Lara (12",11,"Letter from Diego José, Fifth Count of Montemar to Marquis of Lara (12/14/1762)",familia_parentesco,3,0.6637168141592921,"amado, hermano, tia"
"11_5318583_box1_f9_Letter from Diego José, Fifth Count of Montemar to Marquis of Lara (12",11,"Letter from Diego José, Fifth Count of Montemar to Marquis of Lara (12/14/1762)",administracion_cargos,1,0.22123893805309736,corregimiento
"11_5318583_box1_f9_Letter from Diego José, Fifth Count of Montemar to Marquis of Lara (12",11,"Letter from Diego José, Fifth Count of Montemar to Marquis of Lara (12/14/1762)",religion,0,0.0,
"11_5318583_box1_f9_Letter from Diego José, Fifth Count of Montemar to Marquis of Lara (12",11,"Letter from Diego José, Fifth Count of Montemar to Marquis of Lara (12/14/1762)",economia_patrimonio,0,0.0,
"11_5318583_box1_f9_Letter from Diego José, Fifth Count of Montemar to Marquis of Lara (12",11,"Letter from Diego José, Fifth Count of Montemar to Marquis of Lara (12/14/1762)",lugares_territorio,0,0.0,
"11_5318583_box1_f9_Letter from Diego José, Fifth Count of Montemar to Marquis of Lara (12",11,"Letter from Diego José, Fifth Count of Montemar to Marquis of Lara (12/14/1762)",escritura_documentos,1,0.22123893805309736,letras
"12_5318583_box1_f10_Letter from Diego José, Fifth Count of Montemar to Marquis of Lara (1",12,"Letter from Diego José, Fifth Count of Montemar to Marquis of Lara (1/4/1763)",familia_parentesco,11,0.40635389730328775,"amado, casa, madre, sobrino, tia"
"12_5318583_box1_f10_Letter from Diego José, Fifth Count of Montemar to Marquis of Lara (1",12,"Letter from Diego José, Fifth Count of Montemar to Marquis of Lara (1/4/1763)",administracion_cargos,3,0.11082379017362395,"navios, privilegio"
"12_5318583_box1_f10_Letter from Diego José, Fifth Count of Montemar to Marquis of Lara (1",12,"Letter from Diego José, Fifth Count of Montemar to Marquis of Lara (1/4/1763)",religion,0,0.0,
"12_5318583_box1_f10_Letter from Diego José, Fifth Count of Montemar to Marquis of Lara (1",12,"Letter from Diego José, Fifth Count of Montemar to Marquis of Lara (1/4/1763)",economia_patrimonio,9,0.33247137052087183,"casas, censos, dinero, intereses, mayorasgo, mayorazgo, utilidad"
"12_5318583_box1_f10_Letter from Diego José, Fifth Count of Montemar to Marquis of Lara (1",12,"Letter from Diego José, Fifth Count of Montemar to Marquis of Lara (1/4/1763)",lugares_territorio,3,0.11082379017362395,"guanta, lima"
"12_5318583_box1_f10_Letter from Diego José, Fifth Count of Montemar to Marquis of Lara (1",12,"Letter from Diego José, Fifth Count of Montemar to Marquis of Lara (1/4/1763)",escritura_documentos,7,0.25858884373845586,"carta, letras, partida"
"13_5318583_box1_f11_Letter from Diego José, Fifth Count of Montemar to Marquis of Lara, (8",13,"Letter from Diego José, Fifth Count of Montemar to Marquis of Lara, (8/23/1763)",familia_parentesco,9,0.25510204081632654,"amado, casa, familia, hermana, madre, sobrino, tia"
"13_5318583_box1_f11_Letter from Diego José, Fifth Count of Montemar to Marquis of Lara, (8",13,"Letter from Diego José, Fifth Count of Montemar to Marquis of Lara, (8/23/1763)",administracion_cargos,2,0.05668934240362812,oficios
"13_5318583_box1_f11_Letter from Diego José, Fifth Count of Montemar to Marquis of Lara, (8",13,"Letter from Diego José, Fifth Count of Montemar to Marquis of Lara, (8/23/1763)",religion,0,0.0,
"13_5318583_box1_f11_Letter from Diego José, Fifth Count of Montemar to Marquis of Lara, (8",13,"Letter from Diego José, Fifth Count of Montemar to Marquis of Lara, (8/23/1763)",economia_patrimonio,7,0.1984126984126984,"dinero, renta"
"13_5318583_box1_f11_Letter from Diego José, Fifth Count of Montemar to Marquis of Lara, (8",13,"Letter from Diego José, Fifth Count of Montemar to Marquis of Lara, (8/23/1763)",lugares_territorio,1,0.02834467120181406,america
"13_5318583_box1_f11_Letter from Diego José, Fifth Count of Montemar to Marquis of Lara, (8",13,"Letter from Diego José, Fifth Count of Montemar to Marquis of Lara, (8/23/1763)",escritura_documentos,17,0.48185941043083896,"carta, cartas, informe, letras"
"14_5318583_box1_f12_Letter from Diego José, Fifth Count of Montemar to Christobal Mesia y",14,"Letter from Diego José, Fifth Count of Montemar to Christobal Mesia y Munive, Count of Sierrabella (8/23/1763)",familia_parentesco,2,0.3067484662576687,casa
"14_5318583_box1_f12_Letter from Diego José, Fifth Count of Montemar to Christobal Mesia y",14,"Letter from Diego José, Fifth Count of Montemar to Christobal Mesia y Munive, Count of Sierrabella (8/23/1763)",administracion_cargos,0,0.0,
"14_5318583_box1_f12_Letter from Diego José, Fifth Count of Montemar to Christobal Mesia y",14,"Letter from Diego José, Fifth Count of Montemar to Christobal Mesia y Munive, Count of Sierrabella (8/23/1763)",religion,0,0.0,
"14_5318583_box1_f12_Letter from Diego José, Fifth Count of Montemar to Christobal Mesia y",14,"Letter from Diego José, Fifth Count of Montemar to Christobal Mesia y Munive, Count of Sierrabella (8/23/1763)",economia_patrimonio,0,0.0,
"14_5318583_box1_f12_Letter from Diego José, Fifth Count of Montemar to Christobal Mesia y",14,"Letter from Diego José, Fifth Count of Montemar to Christobal Mesia y Munive, Count of Sierrabella (8/23/1763)",lugares_territorio,1,0.15337423312883436,lima
"14_5318583_box1_f12_Letter from Diego José, Fifth Count of Montemar to Christobal Mesia y",14,"Letter from Diego José, Fifth Count of Montemar to Christobal Mesia y Munive, Count of Sierrabella (8/23/1763)",escritura_documentos,1,0.15337423312883436,carta
"15_5318583_box1_f13_Letter from Diego José, Fifth Count of Montemar to Marquis of Lara (12",15,"Letter from Diego José, Fifth Count of Montemar to Marquis of Lara (12/6/1763)",familia_parentesco,4,0.17474879860200962,"amado, casa, familia, hijos"
"15_5318583_box1_f13_Letter from Diego José, Fifth Count of Montemar to Marquis of Lara (12",15,"Letter from Diego José, Fifth Count of Montemar to Marquis of Lara (12/6/1763)",administracion_cargos,6,0.2621231979030144,"navios, oficio, oficios, theniente"
"15_5318583_box1_f13_Letter from Diego José, Fifth Count of Montemar to Marquis of Lara (12",15,"Letter from Diego José, Fifth Count of Montemar to Marquis of Lara (12/6/1763)",religion,3,0.1310615989515072,"cura, curato"
"15_5318583_box1_f13_Letter from Diego José, Fifth Count of Montemar to Marquis of Lara (12",15,"Letter from Diego José, Fifth Count of Montemar to Marquis of Lara (12/6/1763)",economia_patrimonio,1,0.043687199650502405,mayorazgo
"15_5318583_box1_f13_Letter from Diego José, Fifth Count of Montemar to Marquis of Lara (12",15,"Letter from Diego José, Fifth Count of Montemar to Marquis of Lara (12/6/1763)",lugares_territorio,0,0.0,
"15_5318583_box1_f13_Letter from Diego José, Fifth Count of Montemar to Marquis of Lara (12",15,"Letter from Diego José, Fifth Count of Montemar to Marquis of Lara (12/6/1763)",escritura_documentos,7,0.3058103975535168,"carta, informe, papeles"
"16_5318583_box1_f14_Letter from Diego José, Fifth Count of Montemar to unkown (12_13_1763)",16,"Letter from Diego José, Fifth Count of Montemar to unkown (12/13/1763)",familia_parentesco,6,0.3062787136294028,"casa, familia, hermano, sobrina"
"16_5318583_box1_f14_Letter from Diego José, Fifth Count of Montemar to unkown (12_13_1763)",16,"Letter from Diego José, Fifth Count of Montemar to unkown (12/13/1763)",administracion_cargos,3,0.1531393568147014,"navios, oficio"
"16_5318583_box1_f14_Letter from Diego José, Fifth Count of Montemar to unkown (12_13_1763)",16,"Letter from Diego José, Fifth Count of Montemar to unkown (12/13/1763)",religion,1,0.05104645227156713,cura
"16_5318583_box1_f14_Letter from Diego José, Fifth Count of Montemar to unkown (12_13_1763)",16,"Letter from Diego José, Fifth Count of Montemar to unkown (12/13/1763)",economia_patrimonio,8,0.40837161817253703,"intereses, mayorazgo, renta, utilidad, vinculo"
"16_5318583_box1_f14_Letter from Diego José, Fifth Count of Montemar to unkown (12_13_1763)",16,"Letter from Diego José, Fifth Count of Montemar to unkown (12/13/1763)",lugares_territorio,1,0.05104645227156713,lima
"16_5318583_box1_f14_Letter from Diego José, Fifth Count of Montemar to unkown (12_13_1763)",16,"Letter from Diego José, Fifth Count of Montemar to unkown (12/13/1763)",escritura_documentos,1,0.05104645227156713,informe
17_5318583_box1_f15_Letter from Marquis of Lara to Mathias de la Vega (12_29_1763),17,Letter from Marquis of Lara to Mathias de la Vega (12/29/1763),familia_parentesco,0,0.0,
17_5318583_box1_f15_Letter from Marquis of Lara to Mathias de la Vega (12_29_1763),17,Letter from Marquis of Lara to Mathias de la Vega (12/29/1763),administracion_cargos,0,0.0,
17_5318583_box1_f15_Letter from Marquis of Lara to Mathias de la Vega (12_29_1763),17,Letter from Marquis of Lara to Mathias de la Vega (12/29/1763),religion,0,0.0,
17_5318583_box1_f15_Letter from Marquis of Lara to Mathias de la Vega (12_29_1763),17,Letter from Marquis of Lara to Mathias de la Vega (12/29/1763),economia_patrimonio,0,0.0,
17_5318583_box1_f15_Letter from Marquis of Lara to Mathias de la Vega (12_29_1763),17,Letter from Marquis of Lara to Mathias de la Vega (12/29/1763),lugares_territorio,1,0.2857142857142857,lima
17_5318583_box1_f15_Letter from Marquis of Lara to Mathias de la Vega (12_29_1763),17,Letter from Marquis of Lara to Mathias de la Vega (12/29/1763),escritura_documentos,0,0.0,
"18_5318583_box1_f16_Letter from Diego José, Fifth Count of Montemar to Count of Castillejo",18,"Letter from Diego José, Fifth Count of Montemar to Count of Castillejo (7/24/1764)",familia_parentesco,11,1.2061403508771928,"abuela, amado, casa, hijo, hijos, prima, primo"
"18_5318583_box1_f16_Letter from Diego José, Fifth Count of Montemar to Count of Castillejo",18,"Letter from Diego José, Fifth Count of Montemar to Count of Castillejo (7/24/1764)",administracion_cargos,2,0.21929824561403508,"navios, oficios"
"18_5318583_box1_f16_Letter from Diego José, Fifth Count of Montemar to Count of Castillejo",18,"Letter from Diego José, Fifth Count of Montemar to Count of Castillejo (7/24/1764)",religion,0,0.0,
"18_5318583_box1_f16_Letter from Diego José, Fifth Count of Montemar to Count of Castillejo",18,"Letter from Diego José, Fifth Count of Montemar to Count of Castillejo (7/24/1764)",economia_patrimonio,1,0.10964912280701754,intereses
"18_5318583_box1_f16_Letter from Diego José, Fifth Count of Montemar to Count of Castillejo",18,"Letter from Diego José, Fifth Count of Montemar to Count of Castillejo (7/24/1764)",lugares_territorio,0,0.0,
"18_5318583_box1_f16_Letter from Diego José, Fifth Count of Montemar to Count of Castillejo",18,"Letter from Diego José, Fifth Count of Montemar to Count of Castillejo (7/24/1764)",escritura_documentos,1,0.10964912280701754,carta
"19_5318583_box1_f17_Letter from Diego José, Fifth Count of Montemar to Joseph Perfecto de",19,"Letter from Diego José, Fifth Count of Montemar to Joseph Perfecto de Salas (10/24/1764)",familia_parentesco,6,0.4051316677920324,"amado, casa, familia, hijos"
"19_5318583_box1_f17_Letter from Diego José, Fifth Count of Montemar to Joseph Perfecto de",19,"Letter from Diego José, Fifth Count of Montemar to Joseph Perfecto de Salas (10/24/1764)",administracion_cargos,0,0.0,
"19_5318583_box1_f17_Letter from Diego José, Fifth Count of Montemar to Joseph Perfecto de",19,"Letter from Diego José, Fifth Count of Montemar to Joseph Perfecto de Salas (10/24/1764)",religion,0,0.0,
"19_5318583_box1_f17_Letter from Diego José, Fifth Count of Montemar to Joseph Perfecto de",19,"Letter from Diego José, Fifth Count of Montemar to Joseph Perfecto de Salas (10/24/1764)",economia_patrimonio,14,0.9453072248480756,"casas, censos, dinero, finca, mayorasgo, principal, renta"
"19_5318583_box1_f17_Letter from Diego José, Fifth Count of Montemar to Joseph Perfecto de",19,"Letter from Diego José, Fifth Count of Montemar to Joseph Perfecto de Salas (10/24/1764)",lugares_territorio,4,0.2700877785280216,"lima, mar"
"19_5318583_box1_f17_Letter from Diego José, Fifth Count of Montemar to Joseph Perfecto de",19,"Letter from Diego José, Fifth Count of Montemar to Joseph Perfecto de Salas (10/24/1764)",escritura_documentos,1,0.0675219446320054,letras
20_5318583_box1_f18_Letter from Pedro Carrillo de Albornoz y Bravo de Lagunas to Diego Jos,20,"Letter from Pedro Carrillo de Albornoz y Bravo de Lagunas to Diego José, Fifth Count of Montemar (1/3/1765)",familia_parentesco,4,0.5952380952380952,"hermano, hijos"
20_5318583_box1_f18_Letter from Pedro Carrillo de Albornoz y Bravo de Lagunas to Diego Jos,20,"Letter from Pedro Carrillo de Albornoz y Bravo de Lagunas to Diego José, Fifth Count of Montemar (1/3/1765)",administracion_cargos,0,0.0,
20_5318583_box1_f18_Letter from Pedro Carrillo de Albornoz y Bravo de Lagunas to Diego Jos,20,"Letter from Pedro Carrillo de Albornoz y Bravo de Lagunas to Diego José, Fifth Count of Montemar (1/3/1765)",religion,0,0.0,
20_5318583_box1_f18_Letter from Pedro Carrillo de Albornoz y Bravo de Lagunas to Diego Jos,20,"Letter from Pedro Carrillo de Albornoz y Bravo de Lagunas to Diego José, Fifth Count of Montemar (1/3/1765)",economia_patrimonio,2,0.2976190476190476,"mayorasgo, utilidades"
20_5318583_box1_f18_Letter from Pedro Carrillo de Albornoz y Bravo de Lagunas to Diego Jos,20,"Letter from Pedro Carrillo de Albornoz y Bravo de Lagunas to Diego José, Fifth Count of Montemar (1/3/1765)",lugares_territorio,1,0.1488095238095238,lima
20_5318583_box1_f18_Letter from Pedro Carrillo de Albornoz y Bravo de Lagunas to Diego Jos,20,"Letter from Pedro Carrillo de Albornoz y Bravo de Lagunas to Diego José, Fifth Count of Montemar (1/3/1765)",escritura_documentos,1,0.1488095238095238,carta
"21_5318583_box1_f19_Letter from Diego José, Fifth Count of Montemar to Marquis of Lara (1",21,"Letter from Diego José, Fifth Count of Montemar to Marquis of Lara (1/23/1765)",familia_parentesco,4,0.2007024586051179,"amado, casa, hermano"
"21_5318583_box1_f19_Letter from Diego José, Fifth Count of Montemar to Marquis of Lara (1",21,"Letter from Diego José, Fifth Count of Montemar to Marquis of Lara (1/23/1765)",administracion_cargos,3,0.15052684395383845,"audiencia, navios"
"21_5318583_box1_f19_Letter from Diego José, Fifth Count of Montemar to Marquis of Lara (1",21,"Letter from Diego José, Fifth Count of Montemar to Marquis of Lara (1/23/1765)",religion,0,0.0,
"21_5318583_box1_f19_Letter from Diego José, Fifth Count of Montemar to Marquis of Lara (1",21,"Letter from Diego José, Fifth Count of Montemar to Marquis of Lara (1/23/1765)",economia_patrimonio,2,0.10035122930255895,dinero
"21_5318583_box1_f19_Letter from Diego José, Fifth Count of Montemar to Marquis of Lara (1",21,"Letter from Diego José, Fifth Count of Montemar to Marquis of Lara (1/23/1765)",lugares_territorio,2,0.10035122930255895,"mar, santa"
"21_5318583_box1_f19_Letter from Diego José, Fifth Count of Montemar to Marquis of Lara (1",21,"Letter from Diego José, Fifth Count of Montemar to Marquis of Lara (1/23/1765)",escritura_documentos,4,0.2007024586051179,"carta, cartas, letras"
"22_5318583_box1_f20_Letter from Diego José, Fifth Count of Montemar to unknown (1_29_1765)",22,"Letter from Diego José, Fifth Count of Montemar to unknown (1/29/1765)",familia_parentesco,0,0.0,
"22_5318583_box1_f20_Letter from Diego José, Fifth Count of Montemar to unknown (1_29_1765)",22,"Letter from Diego José, Fifth Count of Montemar to unknown (1/29/1765)",administracion_cargos,1,0.18315018315018314,oficios
"22_5318583_box1_f20_Letter from Diego José, Fifth Count of Montemar to unknown (1_29_1765)",22,"Letter from Diego José, Fifth Count of Montemar to unknown (1/29/1765)",religion,0,0.0,
"22_5318583_box1_f20_Letter from Diego José, Fifth Count of Montemar to unknown (1_29_1765)",22,"Letter from Diego José, Fifth Count of Montemar to unknown (1/29/1765)",economia_patrimonio,0,0.0,
"22_5318583_box1_f20_Letter from Diego José, Fifth Count of Montemar to unknown (1_29_1765)",22,"Letter from Diego José, Fifth Count of Montemar to unknown (1/29/1765)",lugares_territorio,0,0.0,
"22_5318583_box1_f20_Letter from Diego José, Fifth Count of Montemar to unknown (1_29_1765)",22,"Letter from Diego José, Fifth Count of Montemar to unknown (1/29/1765)",escritura_documentos,0,0.0,
"23_5318583_box1_f21_Letter from Marquis of Lara to Diego José, Fifth Count of Montemar (3",23,"Letter from Marquis of Lara to Diego José, Fifth Count of Montemar (3/9/1765)",familia_parentesco,16,0.625,"amado, casa, familia, padre, prima, tia"
"23_5318583_box1_f21_Letter from Marquis of Lara to Diego José, Fifth Count of Montemar (3",23,"Letter from Marquis of Lara to Diego José, Fifth Count of Montemar (3/9/1765)",administracion_cargos,0,0.0,
"23_5318583_box1_f21_Letter from Marquis of Lara to Diego José, Fifth Count of Montemar (3",23,"Letter from Marquis of Lara to Diego José, Fifth Count of Montemar (3/9/1765)",religion,3,0.1171875,"cura, padre"
"23_5318583_box1_f21_Letter from Marquis of Lara to Diego José, Fifth Count of Montemar (3",23,"Letter from Marquis of Lara to Diego José, Fifth Count of Montemar (3/9/1765)",economia_patrimonio,11,0.42968750000000006,"bienes, dinero, mayorasgo, principal, renta, utilidad"
"23_5318583_box1_f21_Letter from Marquis of Lara to Diego José, Fifth Count of Montemar (3",23,"Letter from Marquis of Lara to Diego José, Fifth Count of Montemar (3/9/1765)",lugares_territorio,4,0.15625,"guanta, lima"
"23_5318583_box1_f21_Letter from Marquis of Lara to Diego José, Fifth Count of Montemar (3",23,"Letter from Marquis of Lara to Diego José, Fifth Count of Montemar (3/9/1765)",escritura_documentos,2,0.078125,"carta, letras"
24_5318583_box1_f22_Letter from Pedro Carrillo de Albornoz y Bravo de Lagunas to Diego Jos,24,"Letter from Pedro Carrillo de Albornoz y Bravo de Lagunas to Diego José, Fifth Count of Montemar (3/30/1765)",familia_parentesco,14,1.1715481171548117,"amado, amante, casa, hermana, hermanos, madre, tia"
24_5318583_box1_f22_Letter from Pedro Carrillo de Albornoz y Bravo de Lagunas to Diego Jos,24,"Letter from Pedro Carrillo de Albornoz y Bravo de Lagunas to Diego José, Fifth Count of Montemar (3/30/1765)",administracion_cargos,2,0.16736401673640167,"escribano, sedula"
24_5318583_box1_f22_Letter from Pedro Carrillo de Albornoz y Bravo de Lagunas to Diego Jos,24,"Letter from Pedro Carrillo de Albornoz y Bravo de Lagunas to Diego José, Fifth Count of Montemar (3/30/1765)",religion,1,0.08368200836820083,capellania
24_5318583_box1_f22_Letter from Pedro Carrillo de Albornoz y Bravo de Lagunas to Diego Jos,24,"Letter from Pedro Carrillo de Albornoz y Bravo de Lagunas to Diego José, Fifth Count of Montemar (3/30/1765)",economia_patrimonio,3,0.2510460251046025,"bienes, mayorasgo"
24_5318583_box1_f22_Letter from Pedro Carrillo de Albornoz y Bravo de Lagunas to Diego Jos,24,"Letter from Pedro Carrillo de Albornoz y Bravo de Lagunas to Diego José, Fifth Count of Montemar (3/30/1765)",lugares_territorio,2,0.16736401673640167,lima
24_5318583_box1_f22_Letter from Pedro Carrillo de Albornoz y Bravo de Lagunas to Diego Jos,24,"Letter from Pedro Carrillo de Albornoz y Bravo de Lagunas to Diego José, Fifth Count of Montemar (3/30/1765)",escritura_documentos,4,0.33472803347280333,"letras, partidas, sedula, testamᵗᵒ"
"25_5318583_box1_f23_Letter from Diego José, Fifth Count of Montemar to Nicolás Manrique de",25,"Letter from Diego José, Fifth Count of Montemar to Nicolás Manrique de Lara (8/20/1765)",familia_parentesco,7,0.6692160611854685,"amado, casa, padre, sobrino, tia"
"25_5318583_box1_f23_Letter from Diego José, Fifth Count of Montemar to Nicolás Manrique de",25,"Letter from Diego José, Fifth Count of Montemar to Nicolás Manrique de Lara (8/20/1765)",administracion_cargos,0,0.0,
"25_5318583_box1_f23_Letter from Diego José, Fifth Count of Montemar to Nicolás Manrique de",25,"Letter from Diego José, Fifth Count of Montemar to Nicolás Manrique de Lara (8/20/1765)",religion,1,0.09560229445506692,padre
"25_5318583_box1_f23_Letter from Diego José, Fifth Count of Montemar to Nicolás Manrique de",25,"Letter from Diego José, Fifth Count of Montemar to Nicolás Manrique de Lara (8/20/1765)",economia_patrimonio,0,0.0,
"25_5318583_box1_f23_Letter from Diego José, Fifth Count of Montemar to Nicolás Manrique de",25,"Letter from Diego José, Fifth Count of Montemar to Nicolás Manrique de Lara (8/20/1765)",lugares_territorio,3,0.28680688336520077,lima
"25_5318583_box1_f23_Letter from Diego José, Fifth Count of Montemar to Nicolás Manrique de",25,"Letter from Diego José, Fifth Count of Montemar to Nicolás Manrique de Lara (8/20/1765)",escritura_documentos,3,0.28680688336520077,"cartas, letras"
"26_5318583_box1_f24_Letter from a friend to Diego José, Fifth Count of Montemar (9_29_1765",26,"Letter from a friend to Diego José, Fifth Count of Montemar (9/29/1765)",familia_parentesco,1,0.21097046413502107,casa
"26_5318583_box1_f24_Letter from a friend to Diego José, Fifth Count of Montemar (9_29_1765",26,"Letter from a friend to Diego José, Fifth Count of Montemar (9/29/1765)",administracion_cargos,0,0.0,
"26_5318583_box1_f24_Letter from a friend to Diego José, Fifth Count of Montemar (9_29_1765",26,"Letter from a friend to Diego José, Fifth Count of Montemar (9/29/1765)",religion,0,0.0,
"26_5318583_box1_f24_Letter from a friend to Diego José, Fifth Count of Montemar (9_29_1765",26,"Letter from a friend to Diego José, Fifth Count of Montemar (9/29/1765)",economia_patrimonio,0,0.0,
"26_5318583_box1_f24_Letter from a friend to Diego José, Fifth Count of Montemar (9_29_1765",26,"Letter from a friend to Diego José, Fifth Count of Montemar (9/29/1765)",lugares_territorio,0,0.0,
"26_5318583_box1_f24_Letter from a friend to Diego José, Fifth Count of Montemar (9_29_1765",26,"Letter from a friend to Diego José, Fifth Count of Montemar (9/29/1765)",escritura_documentos,4,0.8438818565400843,"carta, cartas"
"27_5318583_box1_f25_Letter from Joseph Portocarrero Pallarés, Knight of the Order of Santi",27,"Letter from Joseph Portocarrero Pallarés, Knight of the Order of Santiago to Marquis of Lara (11/14/1765)",familia_parentesco,4,1.4134275618374559,"amante, casa, familia"
"27_5318583_box1_f25_Letter from Joseph Portocarrero Pallarés, Knight of the Order of Santi",27,"Letter from Joseph Portocarrero Pallarés, Knight of the Order of Santiago to Marquis of Lara (11/14/1765)",administracion_cargos,0,0.0,
"27_5318583_box1_f25_Letter from Joseph Portocarrero Pallarés, Knight of the Order of Santi",27,"Letter from Joseph Portocarrero Pallarés, Knight of the Order of Santiago to Marquis of Lara (11/14/1765)",religion,0,0.0,
"27_5318583_box1_f25_Letter from Joseph Portocarrero Pallarés, Knight of the Order of Santi",27,"Letter from Joseph Portocarrero Pallarés, Knight of the Order of Santiago to Marquis of Lara (11/14/1765)",economia_patrimonio,2,0.7067137809187279,casas
"27_5318583_box1_f25_Letter from Joseph Portocarrero Pallarés, Knight of the Order of Santi",27,"Letter from Joseph Portocarrero Pallarés, Knight of the Order of Santiago to Marquis of Lara (11/14/1765)",lugares_territorio,0,0.0,
"27_5318583_box1_f25_Letter from Joseph Portocarrero Pallarés, Knight of the Order of Santi",27,"Letter from Joseph Portocarrero Pallarés, Knight of the Order of Santiago to Marquis of Lara (11/14/1765)",escritura_documentos,0,0.0,
"28_5318583_box1_f26_Letter from Diego José, Fifth Count of Montemar to Marquis of Lara (11",28,"Letter from Diego José, Fifth Count of Montemar to Marquis of Lara (11/23/1765)",familia_parentesco,64,1.4928854676930254,"casa, familia, madre, padre, prima, sobrino, tia"
"28_5318583_box1_f26_Letter from Diego José, Fifth Count of Montemar to Marquis of Lara (11",28,"Letter from Diego José, Fifth Count of Montemar to Marquis of Lara (11/23/1765)",administracion_cargos,3,0.06997900629811056,"navios, oficio, oficios"
"28_5318583_box1_f26_Letter from Diego José, Fifth Count of Montemar to Marquis of Lara (11",28,"Letter from Diego José, Fifth Count of Montemar to Marquis of Lara (11/23/1765)",religion,2,0.046652670865407045,padre
"28_5318583_box1_f26_Letter from Diego José, Fifth Count of Montemar to Marquis of Lara (11",28,"Letter from Diego José, Fifth Count of Montemar to Marquis of Lara (11/23/1765)",economia_patrimonio,11,0.2565896897597387,"casas, dinero, intereses, mayorasgo, mayorazgo, renta, utilidad"
"28_5318583_box1_f26_Letter from Diego José, Fifth Count of Montemar to Marquis of Lara (11",28,"Letter from Diego José, Fifth Count of Montemar to Marquis of Lara (11/23/1765)",lugares_territorio,1,0.023326335432703522,lima
"28_5318583_box1_f26_Letter from Diego José, Fifth Count of Montemar to Marquis of Lara (11",28,"Letter from Diego José, Fifth Count of Montemar to Marquis of Lara (11/23/1765)",escritura_documentos,42,0.979706088173548,"carta, cartas, clausula, libro, partida, partidas, testamento, testamᵗᵒ"
"29_5318583_box1_f27_Letter from Diego José, Fifth Count of Montemar to Rosa, Marchioness o",29,"Letter from Diego José, Fifth Count of Montemar to Rosa, Marchioness of Lara (11/23/1765)",familia_parentesco,2,0.5780346820809248,"casa, hijo"
"29_5318583_box1_f27_Letter from Diego José, Fifth Count of Montemar to Rosa, Marchioness o",29,"Letter from Diego José, Fifth Count of Montemar to Rosa, Marchioness of Lara (11/23/1765)",administracion_cargos,1,0.2890173410404624,navios
"29_5318583_box1_f27_Letter from Diego José, Fifth Count of Montemar to Rosa, Marchioness o",29,"Letter from Diego José, Fifth Count of Montemar to Rosa, Marchioness of Lara (11/23/1765)",religion,0,0.0,
"29_5318583_box1_f27_Letter from Diego José, Fifth Count of Montemar to Rosa, Marchioness o",29,"Letter from Diego José, Fifth Count of Montemar to Rosa, Marchioness of Lara (11/23/1765)",economia_patrimonio,0,0.0,
"29_5318583_box1_f27_Letter from Diego José, Fifth Count of Montemar to Rosa, Marchioness o",29,"Letter from Diego José, Fifth Count of Montemar to Rosa, Marchioness of Lara (11/23/1765)",lugares_territorio,0,0.0,
"29_5318583_box1_f27_Letter from Diego José, Fifth Count of Montemar to Rosa, Marchioness o",29,"Letter from Diego José, Fifth Count of Montemar to Rosa, Marchioness of Lara (11/23/1765)",escritura_documentos,1,0.2890173410404624,carta
"30_5318583_box1_f28_Letter from Diego José, Fifth Count of Montemar to Juan Bautista Carri",30,"Letter from Diego José, Fifth Count of Montemar to Juan Bautista Carrillo de Albornoz y Bravo de Lagunas (11/23/1765)",familia_parentesco,7,0.4964539007092199,"casa, hijo, sobrino, tia"
"30_5318583_box1_f28_Letter from Diego José, Fifth Count of Montemar to Juan Bautista Carri",30,"Letter from Diego José, Fifth Count of Montemar to Juan Bautista Carrillo de Albornoz y Bravo de Lagunas (11/23/1765)",administracion_cargos,3,0.2127659574468085,"navios, teniente"
"30_5318583_box1_f28_Letter from Diego José, Fifth Count of Montemar to Juan Bautista Carri",30,"Letter from Diego José, Fifth Count of Montemar to Juan Bautista Carrillo de Albornoz y Bravo de Lagunas (11/23/1765)",religion,0,0.0,
"30_5318583_box1_f28_Letter from Diego José, Fifth Count of Montemar to Juan Bautista Carri",30,"Letter from Diego José, Fifth Count of Montemar to Juan Bautista Carrillo de Albornoz y Bravo de Lagunas (11/23/1765)",economia_patrimonio,12,0.851063829787234,"mayorazgo, patronato, vinculo"
"30_5318583_box1_f28_Letter from Diego José, Fifth Count of Montemar to Juan Bautista Carri",30,"Letter from Diego José, Fifth Count of Montemar to Juan Bautista Carrillo de Albornoz y Bravo de Lagunas (11/23/1765)",lugares_territorio,0,0.0,
"30_5318583_box1_f28_Letter from Diego José, Fifth Count of Montemar to Juan Bautista Carri",30,"Letter from Diego José, Fifth Count of Montemar to Juan Bautista Carrillo de Albornoz y Bravo de Lagunas (11/23/1765)",escritura_documentos,8,0.5673758865248227,"carta, cartas, testamᵗᵒ"
"31_5318583_box1_f29_Letter from Diego José, Fifth Count of Montemar to Pedro Carrillo de A",31,"Letter from Diego José, Fifth Count of Montemar to Pedro Carrillo de Albornoz y Bravo de Lagunas (12/3/1765)",familia_parentesco,20,1.9801980198019802,"familia, hermano, hermanos, hijos, padre, tia"
"31_5318583_box1_f29_Letter from Diego José, Fifth Count of Montemar to Pedro Carrillo de A",31,"Letter from Diego José, Fifth Count of Montemar to Pedro Carrillo de Albornoz y Bravo de Lagunas (12/3/1765)",administracion_cargos,1,0.09900990099009901,derechos
"31_5318583_box1_f29_Letter from Diego José, Fifth Count of Montemar to Pedro Carrillo de A",31,"Letter from Diego José, Fifth Count of Montemar to Pedro Carrillo de Albornoz y Bravo de Lagunas (12/3/1765)",religion,4,0.39603960396039606,padre
"31_5318583_box1_f29_Letter from Diego José, Fifth Count of Montemar to Pedro Carrillo de A",31,"Letter from Diego José, Fifth Count of Montemar to Pedro Carrillo de Albornoz y Bravo de Lagunas (12/3/1765)",economia_patrimonio,2,0.19801980198019803,"derechos, mayorazgo"
"31_5318583_box1_f29_Letter from Diego José, Fifth Count of Montemar to Pedro Carrillo de A",31,"Letter from Diego José, Fifth Count of Montemar to Pedro Carrillo de Albornoz y Bravo de Lagunas (12/3/1765)",lugares_territorio,0,0.0,
"31_5318583_box1_f29_Letter from Diego José, Fifth Count of Montemar to Pedro Carrillo de A",31,"Letter from Diego José, Fifth Count of Montemar to Pedro Carrillo de Albornoz y Bravo de Lagunas (12/3/1765)",escritura_documentos,6,0.594059405940594,"carta, cartas, testamᵗᵒ"
"32_5318583_box1_f30_Letter from Diego José, Fifth Count of Montemar to Joseph Perfecto de",32,"Letter from Diego José, Fifth Count of Montemar to Joseph Perfecto de Salas (12/3/1765)",familia_parentesco,6,0.44150110375275936,"amado, familia, hijo, tia"
"32_5318583_box1_f30_Letter from Diego José, Fifth Count of Montemar to Joseph Perfecto de",32,"Letter from Diego José, Fifth Count of Montemar to Joseph Perfecto de Salas (12/3/1765)",administracion_cargos,1,0.07358351729212656,oficio
"32_5318583_box1_f30_Letter from Diego José, Fifth Count of Montemar to Joseph Perfecto de",32,"Letter from Diego José, Fifth Count of Montemar to Joseph Perfecto de Salas (12/3/1765)",religion,0,0.0,
"32_5318583_box1_f30_Letter from Diego José, Fifth Count of Montemar to Joseph Perfecto de",32,"Letter from Diego José, Fifth Count of Montemar to Joseph Perfecto de Salas (12/3/1765)",economia_patrimonio,3,0.22075055187637968,"intereses, utilidades, vinculo"
"32_5318583_box1_f30_Letter from Diego José, Fifth Count of Montemar to Joseph Perfecto de",32,"Letter from Diego José, Fifth Count of Montemar to Joseph Perfecto de Salas (12/3/1765)",lugares_territorio,0,0.0,
"32_5318583_box1_f30_Letter from Diego José, Fifth Count of Montemar to Joseph Perfecto de",32,"Letter from Diego José, Fifth Count of Montemar to Joseph Perfecto de Salas (12/3/1765)",escritura_documentos,1,0.07358351729212656,carta
