carta_id,nro_carta,titulo,tipo_marca,frecuencia
01_5318583_box1_f1_Letter from Pedro Carrillo de Albornoz y Bravo de Lagunas to Diego Jos,1,"Letter from Pedro Carrillo de Albornoz y Bravo de Lagunas to Diego José, Fifth Count of Montemar (2/27/1761)",add,4
01_5318583_box1_f1_Letter from Pedro Carrillo de Albornoz y Bravo de Lagunas to Diego Jos,1,"Letter from Pedro Carrillo de Albornoz y Bravo de Lagunas to Diego José, Fifth Count of Montemar (2/27/1761)",del,5
01_5318583_box1_f1_Letter from Pedro Carrillo de Albornoz y Bravo de Lagunas to Diego Jos,1,"Letter from Pedro Carrillo de Albornoz y Bravo de Lagunas to Diego José, Fifth Count of Montemar (2/27/1761)",gap,1
01_5318583_box1_f1_Letter from Pedro Carrillo de Albornoz y Bravo de Lagunas to Diego Jos,1,"Letter from Pedro Carrillo de Albornoz y Bravo de Lagunas to Diego José, Fifth Count of Montemar (2/27/1761)",subst,3
01_5318583_box1_f1_Letter from Pedro Carrillo de Albornoz y Bravo de Lagunas to Diego Jos,1,"Letter from Pedro Carrillo de Albornoz y Bravo de Lagunas to Diego José, Fifth Count of Montemar (2/27/1761)",superindice,101
02_5318583_box1_f2_Letter from Pedro Carrillo de Albornoz y Bravo de Lagunas to Diego Jos,2,"Letter from Pedro Carrillo de Albornoz y Bravo de Lagunas to Diego José, Fifth Count of Montemar (4/1/1761)",gap,1
02_5318583_box1_f2_Letter from Pedro Carrillo de Albornoz y Bravo de Lagunas to Diego Jos,2,"Letter from Pedro Carrillo de Albornoz y Bravo de Lagunas to Diego José, Fifth Count of Montemar (4/1/1761)",superindice,48
03_5318583_box1_f3_Letter from Pedro Carrillo de Albornoz y Bravo de Lagunas to Diego Jos,3,"Letter from Pedro Carrillo de Albornoz y Bravo de Lagunas to Diego José, Fifth Count of Montemar (8/27/1761)",add,1
03_5318583_box1_f3_Letter from Pedro Carrillo de Albornoz y Bravo de Lagunas to Diego Jos,3,"Letter from Pedro Carrillo de Albornoz y Bravo de Lagunas to Diego José, Fifth Count of Montemar (8/27/1761)",del,2
03_5318583_box1_f3_Letter from Pedro Carrillo de Albornoz y Bravo de Lagunas to Diego Jos,3,"Letter from Pedro Carrillo de Albornoz y Bravo de Lagunas to Diego José, Fifth Count of Montemar (8/27/1761)",gap,3
03_5318583_box1_f3_Letter from Pedro Carrillo de Albornoz y Bravo de Lagunas to Diego Jos,3,"Letter from Pedro Carrillo de Albornoz y Bravo de Lagunas to Diego José, Fifth Count of Montemar (8/27/1761)",subst,1
03_5318583_box1_f3_Letter from Pedro Carrillo de Albornoz y Bravo de Lagunas to Diego Jos,3,"Letter from Pedro Carrillo de Albornoz y Bravo de Lagunas to Diego José, Fifth Count of Montemar (8/27/1761)",superindice,56
04_5318583_box1_f4_Letter from Pedro Carrillo de Albornoz y Bravo de Lagunas to Diego Jos,4,"Letter from Pedro Carrillo de Albornoz y Bravo de Lagunas to Diego José, Fifth Count of Montemar (10/26/1761)",add,3
04_5318583_box1_f4_Letter from Pedro Carrillo de Albornoz y Bravo de Lagunas to Diego Jos,4,"Letter from Pedro Carrillo de Albornoz y Bravo de Lagunas to Diego José, Fifth Count of Montemar (10/26/1761)",del,8
04_5318583_box1_f4_Letter from Pedro Carrillo de Albornoz y Bravo de Lagunas to Diego Jos,4,"Letter from Pedro Carrillo de Albornoz y Bravo de Lagunas to Diego José, Fifth Count of Montemar (10/26/1761)",gap,3
04_5318583_box1_f4_Letter from Pedro Carrillo de Albornoz y Bravo de Lagunas to Diego Jos,4,"Letter from Pedro Carrillo de Albornoz y Bravo de Lagunas to Diego José, Fifth Count of Montemar (10/26/1761)",subst,3
04_5318583_box1_f4_Letter from Pedro Carrillo de Albornoz y Bravo de Lagunas to Diego Jos,4,"Letter from Pedro Carrillo de Albornoz y Bravo de Lagunas to Diego José, Fifth Count of Montemar (10/26/1761)",superindice,73
05_5318583_box1_f5_Letter from Pedro Carrillo de Albornoz y Bravo de Lagunas to Diego Jos,5,"Letter from Pedro Carrillo de Albornoz y Bravo de Lagunas to Diego José, Fifth Count of Montemar (6/24/1762)",add,11
05_5318583_box1_f5_Letter from Pedro Carrillo de Albornoz y Bravo de Lagunas to Diego Jos,5,"Letter from Pedro Carrillo de Albornoz y Bravo de Lagunas to Diego José, Fifth Count of Montemar (6/24/1762)",del,22
05_5318583_box1_f5_Letter from Pedro Carrillo de Albornoz y Bravo de Lagunas to Diego Jos,5,"Letter from Pedro Carrillo de Albornoz y Bravo de Lagunas to Diego José, Fifth Count of Montemar (6/24/1762)",gap,1
05_5318583_box1_f5_Letter from Pedro Carrillo de Albornoz y Bravo de Lagunas to Diego Jos,5,"Letter from Pedro Carrillo de Albornoz y Bravo de Lagunas to Diego José, Fifth Count of Montemar (6/24/1762)",subst,10
05_5318583_box1_f5_Letter from Pedro Carrillo de Albornoz y Bravo de Lagunas to Diego Jos,5,"Letter from Pedro Carrillo de Albornoz y Bravo de Lagunas to Diego José, Fifth Count of Montemar (6/24/1762)",superindice,57
"06_5318583_box1_f6_Letter from Diego José, Fifth Count of Montemar to Marquis of Lara (8",6,"Letter from Diego José, Fifth Count of Montemar to Marquis of Lara (8/10/1762)",superindice,107
"07_5318583_box1_f7_Letter from Diego José, Fifth Count of Montemar to Juan Bautista Carri",7,"Letter from Diego José, Fifth Count of Montemar to Juan Bautista Carrillo de Albornoz y Bravo de Lagunas (8/13/1762)",superindice,26
"08_5318583_box1_f7b_Letter from Diego José, Fifth Count of Montemar to Juan Bautista Carri",8,"Letter from Diego José, Fifth Count of Montemar to Juan Bautista Carrillo de Albornoz y Bravo de Lagunas (8/13/1762)",superindice,17
"09_5318583_box1_f8_Letter from Diego José, Fifth Count of Montemar to Isabel de la Presa",9,"Letter from Diego José, Fifth Count of Montemar to Isabel de la Presa Carrillo de Albornoz (8/13/1762)",superindice,33
"10_5318583_box1_f8b_Letter from Diego José, Fifth Count of Montemar to Isabel de la Presa",10,"Letter from Diego José, Fifth Count of Montemar to Isabel de la Presa Carrillo de Albornoz (8/13/1762)",superindice,29
"11_5318583_box1_f9_Letter from Diego José, Fifth Count of Montemar to Marquis of Lara (12",11,"Letter from Diego José, Fifth Count of Montemar to Marquis of Lara (12/14/1762)",superindice,28
"12_5318583_box1_f10_Letter from Diego José, Fifth Count of Montemar to Marquis of Lara (1",12,"Letter from Diego José, Fifth Count of Montemar to Marquis of Lara (1/4/1763)",superindice,188
"13_5318583_box1_f11_Letter from Diego José, Fifth Count of Montemar to Marquis of Lara, (8",13,"Letter from Diego José, Fifth Count of Montemar to Marquis of Lara, (8/23/1763)",superindice,101
"14_5318583_box1_f12_Letter from Diego José, Fifth Count of Montemar to Christobal Mesia y",14,"Letter from Diego José, Fifth Count of Montemar to Christobal Mesia y Munive, Count of Sierrabella (8/23/1763)",superindice,22
"15_5318583_box1_f13_Letter from Diego José, Fifth Count of Montemar to Marquis of Lara (12",15,"Letter from Diego José, Fifth Count of Montemar to Marquis of Lara (12/6/1763)",superindice,68
"16_5318583_box1_f14_Letter from Diego José, Fifth Count of Montemar to unkown (12_13_1763)",16,"Letter from Diego José, Fifth Count of Montemar to unkown (12/13/1763)",superindice,59
17_5318583_box1_f15_Letter from Marquis of Lara to Mathias de la Vega (12_29_1763),17,Letter from Marquis of Lara to Mathias de la Vega (12/29/1763),superindice,25
"18_5318583_box1_f16_Letter from Diego José, Fifth Count of Montemar to Count of Castillejo",18,"Letter from Diego José, Fifth Count of Montemar to Count of Castillejo (7/24/1764)",superindice,37
"19_5318583_box1_f17_Letter from Diego José, Fifth Count of Montemar to Joseph Perfecto de",19,"Letter from Diego José, Fifth Count of Montemar to Joseph Perfecto de Salas (10/24/1764)",add,17
"19_5318583_box1_f17_Letter from Diego José, Fifth Count of Montemar to Joseph Perfecto de",19,"Letter from Diego José, Fifth Count of Montemar to Joseph Perfecto de Salas (10/24/1764)",del,18
"19_5318583_box1_f17_Letter from Diego José, Fifth Count of Montemar to Joseph Perfecto de",19,"Letter from Diego José, Fifth Count of Montemar to Joseph Perfecto de Salas (10/24/1764)",gap,5
"19_5318583_box1_f17_Letter from Diego José, Fifth Count of Montemar to Joseph Perfecto de",19,"Letter from Diego José, Fifth Count of Montemar to Joseph Perfecto de Salas (10/24/1764)",subst,3
"19_5318583_box1_f17_Letter from Diego José, Fifth Count of Montemar to Joseph Perfecto de",19,"Letter from Diego José, Fifth Count of Montemar to Joseph Perfecto de Salas (10/24/1764)",superindice,138
20_5318583_box1_f18_Letter from Pedro Carrillo de Albornoz y Bravo de Lagunas to Diego Jos,20,"Letter from Pedro Carrillo de Albornoz y Bravo de Lagunas to Diego José, Fifth Count of Montemar (1/3/1765)",add,1
20_5318583_box1_f18_Letter from Pedro Carrillo de Albornoz y Bravo de Lagunas to Diego Jos,20,"Letter from Pedro Carrillo de Albornoz y Bravo de Lagunas to Diego José, Fifth Count of Montemar (1/3/1765)",del,2
20_5318583_box1_f18_Letter from Pedro Carrillo de Albornoz y Bravo de Lagunas to Diego Jos,20,"Letter from Pedro Carrillo de Albornoz y Bravo de Lagunas to Diego José, Fifth Count of Montemar (1/3/1765)",gap,1
20_5318583_box1_f18_Letter from Pedro Carrillo de Albornoz y Bravo de Lagunas to Diego Jos,20,"Letter from Pedro Carrillo de Albornoz y Bravo de Lagunas to Diego José, Fifth Count of Montemar (1/3/1765)",subst,1
20_5318583_box1_f18_Letter from Pedro Carrillo de Albornoz y Bravo de Lagunas to Diego Jos,20,"Letter from Pedro Carrillo de Albornoz y Bravo de Lagunas to Diego José, Fifth Count of Montemar (1/3/1765)",superindice,43
"21_5318583_box1_f19_Letter from Diego José, Fifth Count of Montemar to Marquis of Lara (1",21,"Letter from Diego José, Fifth Count of Montemar to Marquis of Lara (1/23/1765)",add,1
"21_5318583_box1_f19_Letter from Diego José, Fifth Count of Montemar to Marquis of Lara (1",21,"Letter from Diego José, Fifth Count of Montemar to Marquis of Lara (1/23/1765)",del,2
"21_5318583_box1_f19_Letter from Diego José, Fifth Count of Montemar to Marquis of Lara (1",21,"Letter from Diego José, Fifth Count of Montemar to Marquis of Lara (1/23/1765)",subst,1
"21_5318583_box1_f19_Letter from Diego José, Fifth Count of Montemar to Marquis of Lara (1",21,"Letter from Diego José, Fifth Count of Montemar to Marquis of Lara (1/23/1765)",superindice,38
"22_5318583_box1_f20_Letter from Diego José, Fifth Count of Montemar to unknown (1_29_1765)",22,"Letter from Diego José, Fifth Count of Montemar to unknown (1/29/1765)",superindice,19
"23_5318583_box1_f21_Letter from Marquis of Lara to Diego José, Fifth Count of Montemar (3",23,"Letter from Marquis of Lara to Diego José, Fifth Count of Montemar (3/9/1765)",del,1
"23_5318583_box1_f21_Letter from Marquis of Lara to Diego José, Fifth Count of Montemar (3",23,"Letter from Marquis of Lara to Diego José, Fifth Count of Montemar (3/9/1765)",gap,3
"23_5318583_box1_f21_Letter from Marquis of Lara to Diego José, Fifth Count of Montemar (3",23,"Letter from Marquis of Lara to Diego José, Fifth Count of Montemar (3/9/1765)",superindice,268
24_5318583_box1_f22_Letter from Pedro Carrillo de Albornoz y Bravo de Lagunas to Diego Jos,24,"Letter from Pedro Carrillo de Albornoz y Bravo de Lagunas to Diego José, Fifth Count of Montemar (3/30/1765)",add,1
24_5318583_box1_f22_Letter from Pedro Carrillo de Albornoz y Bravo de Lagunas to Diego Jos,24,"Letter from Pedro Carrillo de Albornoz y Bravo de Lagunas to Diego José, Fifth Count of Montemar (3/30/1765)",del,2
24_5318583_box1_f22_Letter from Pedro Carrillo de Albornoz y Bravo de Lagunas to Diego Jos,24,"Letter from Pedro Carrillo de Albornoz y Bravo de Lagunas to Diego José, Fifth Count of Montemar (3/30/1765)",subst,1
24_5318583_box1_f22_Letter from Pedro Carrillo de Albornoz y Bravo de Lagunas to Diego Jos,24,"Letter from Pedro Carrillo de Albornoz y Bravo de Lagunas to Diego José, Fifth Count of Montemar (3/30/1765)",superindice,134
"25_5318583_box1_f23_Letter from Diego José, Fifth Count of Montemar to Nicolás Manrique de",25,"Letter from Diego José, Fifth Count of Montemar to Nicolás Manrique de Lara (8/20/1765)",superindice,52
"26_5318583_box1_f24_Letter from a friend to Diego José, Fifth Count of Montemar (9_29_1765",26,"Letter from a friend to Diego José, Fifth Count of Montemar (9/29/1765)",gap,2
"26_5318583_box1_f24_Letter from a friend to Diego José, Fifth Count of Montemar (9_29_1765",26,"Letter from a friend to Diego José, Fifth Count of Montemar (9/29/1765)",superindice,11
"27_5318583_box1_f25_Letter from Joseph Portocarrero Pallarés, Knight of the Order of Santi",27,"Letter from Joseph Portocarrero Pallarés, Knight of the Order of Santiago to Marquis of Lara (11/14/1765)",gap,1
"27_5318583_box1_f25_Letter from Joseph Portocarrero Pallarés, Knight of the Order of Santi",27,"Letter from Joseph Portocarrero Pallarés, Knight of the Order of Santiago to Marquis of Lara (11/14/1765)",superindice,41
"28_5318583_box1_f26_Letter from Diego José, Fifth Count of Montemar to Marquis of Lara (11",28,"Letter from Diego José, Fifth Count of Montemar to Marquis of Lara (11/23/1765)",del,1
"28_5318583_box1_f26_Letter from Diego José, Fifth Count of Montemar to Marquis of Lara (11",28,"Letter from Diego José, Fifth Count of Montemar to Marquis of Lara (11/23/1765)",superindice,319
"29_5318583_box1_f27_Letter from Diego José, Fifth Count of Montemar to Rosa, Marchioness o",29,"Letter from Diego José, Fifth Count of Montemar to Rosa, Marchioness of Lara (11/23/1765)",superindice,17
"30_5318583_box1_f28_Letter from Diego José, Fifth Count of Montemar to Juan Bautista Carri",30,"Letter from Diego José, Fifth Count of Montemar to Juan Bautista Carrillo de Albornoz y Bravo de Lagunas (11/23/1765)",del,1
"30_5318583_box1_f28_Letter from Diego José, Fifth Count of Montemar to Juan Bautista Carri",30,"Letter from Diego José, Fifth Count of Montemar to Juan Bautista Carrillo de Albornoz y Bravo de Lagunas (11/23/1765)",superindice,83
"31_5318583_box1_f29_Letter from Diego José, Fifth Count of Montemar to Pedro Carrillo de A",31,"Letter from Diego José, Fifth Count of Montemar to Pedro Carrillo de Albornoz y Bravo de Lagunas (12/3/1765)",add,9
"31_5318583_box1_f29_Letter from Diego José, Fifth Count of Montemar to Pedro Carrillo de A",31,"Letter from Diego José, Fifth Count of Montemar to Pedro Carrillo de Albornoz y Bravo de Lagunas (12/3/1765)",del,11
"31_5318583_box1_f29_Letter from Diego José, Fifth Count of Montemar to Pedro Carrillo de A",31,"Letter from Diego José, Fifth Count of Montemar to Pedro Carrillo de Albornoz y Bravo de Lagunas (12/3/1765)",subst,4
"31_5318583_box1_f29_Letter from Diego José, Fifth Count of Montemar to Pedro Carrillo de A",31,"Letter from Diego José, Fifth Count of Montemar to Pedro Carrillo de Albornoz y Bravo de Lagunas (12/3/1765)",superindice,43
"32_5318583_box1_f30_Letter from Diego José, Fifth Count of Montemar to Joseph Perfecto de",32,"Letter from Diego José, Fifth Count of Montemar to Joseph Perfecto de Salas (12/3/1765)",add,2
"32_5318583_box1_f30_Letter from Diego José, Fifth Count of Montemar to Joseph Perfecto de",32,"Letter from Diego José, Fifth Count of Montemar to Joseph Perfecto de Salas (12/3/1765)",del,3
"32_5318583_box1_f30_Letter from Diego José, Fifth Count of Montemar to Joseph Perfecto de",32,"Letter from Diego José, Fifth Count of Montemar to Joseph Perfecto de Salas (12/3/1765)",gap,2
"32_5318583_box1_f30_Letter from Diego José, Fifth Count of Montemar to Joseph Perfecto de",32,"Letter from Diego José, Fifth Count of Montemar to Joseph Perfecto de Salas (12/3/1765)",superindice,115
