carta_id,nro_carta,titulo,pagina,total_tokens,palabras_unicas,riqueza_lexica,hapax,porcentaje_hapax
01_5318583_box1_f1_Letter from Pedro Carrillo de Albornoz y Bravo de Lagunas to Diego Jos,1,"Letter from Pedro Carrillo de Albornoz y Bravo de Lagunas to Diego José, Fifth Count of Montemar (2/27/1761)",1,154,113,0.7337662337662337,97,85.84070796460178
01_5318583_box1_f1_Letter from Pedro Carrillo de Albornoz y Bravo de Lagunas to Diego Jos,1,"Letter from Pedro Carrillo de Albornoz y Bravo de Lagunas to Diego José, Fifth Count of Montemar (2/27/1761)",2,98,80,0.8163265306122449,68,85.0
01_5318583_box1_f1_Letter from Pedro Carrillo de Albornoz y Bravo de Lagunas to Diego Jos,1,"Letter from Pedro Carrillo de Albornoz y Bravo de Lagunas to Diego José, Fifth Count of Montemar (2/27/1761)",3,101,75,0.7425742574257426,62,82.66666666666667
01_5318583_box1_f1_Letter from Pedro Carrillo de Albornoz y Bravo de Lagunas to Diego Jos,1,"Letter from Pedro Carrillo de Albornoz y Bravo de Lagunas to Diego José, Fifth Count of Montemar (2/27/1761)",4,90,73,0.8111111111111111,60,82.1917808219178
01_5318583_box1_f1_Letter from Pedro Carrillo de Albornoz y Bravo de Lagunas to Diego Jos,1,"Letter from Pedro Carrillo de Albornoz y Bravo de Lagunas to Diego José, Fifth Count of Montemar (2/27/1761)",5,94,73,0.776595744680851,61,83.56164383561644
01_5318583_box1_f1_Letter from Pedro Carrillo de Albornoz y Bravo de Lagunas to Diego Jos,1,"Letter from Pedro Carrillo de Albornoz y Bravo de Lagunas to Diego José, Fifth Count of Montemar (2/27/1761)",6,99,73,0.7373737373737373,61,83.56164383561644
01_5318583_box1_f1_Letter from Pedro Carrillo de Albornoz y Bravo de Lagunas to Diego Jos,1,"Letter from Pedro Carrillo de Albornoz y Bravo de Lagunas to Diego José, Fifth Count of Montemar (2/27/1761)",7,112,87,0.7767857142857143,73,83.9080459770115
01_5318583_box1_f1_Letter from Pedro Carrillo de Albornoz y Bravo de Lagunas to Diego Jos,1,"Letter from Pedro Carrillo de Albornoz y Bravo de Lagunas to Diego José, Fifth Count of Montemar (2/27/1761)",8,95,77,0.8105263157894737,65,84.4155844155844
01_5318583_box1_f1_Letter from Pedro Carrillo de Albornoz y Bravo de Lagunas to Diego Jos,1,"Letter from Pedro Carrillo de Albornoz y Bravo de Lagunas to Diego José, Fifth Count of Montemar (2/27/1761)",9,90,68,0.7555555555555555,56,82.35294117647058
01_5318583_box1_f1_Letter from Pedro Carrillo de Albornoz y Bravo de Lagunas to Diego Jos,1,"Letter from Pedro Carrillo de Albornoz y Bravo de Lagunas to Diego José, Fifth Count of Montemar (2/27/1761)",10,100,74,0.74,58,78.37837837837837
01_5318583_box1_f1_Letter from Pedro Carrillo de Albornoz y Bravo de Lagunas to Diego Jos,1,"Letter from Pedro Carrillo de Albornoz y Bravo de Lagunas to Diego José, Fifth Count of Montemar (2/27/1761)",11,101,77,0.7623762376237624,64,83.11688311688312
01_5318583_box1_f1_Letter from Pedro Carrillo de Albornoz y Bravo de Lagunas to Diego Jos,1,"Letter from Pedro Carrillo de Albornoz y Bravo de Lagunas to Diego José, Fifth Count of Montemar (2/27/1761)",12,109,85,0.7798165137614679,72,84.70588235294117
02_5318583_box1_f2_Letter from Pedro Carrillo de Albornoz y Bravo de Lagunas to Diego Jos,2,"Letter from Pedro Carrillo de Albornoz y Bravo de Lagunas to Diego José, Fifth Count of Montemar (4/1/1761)",1,110,78,0.7090909090909091,68,87.17948717948718
02_5318583_box1_f2_Letter from Pedro Carrillo de Albornoz y Bravo de Lagunas to Diego Jos,2,"Letter from Pedro Carrillo de Albornoz y Bravo de Lagunas to Diego José, Fifth Count of Montemar (4/1/1761)",2,145,107,0.7379310344827587,85,79.43925233644859
02_5318583_box1_f2_Letter from Pedro Carrillo de Albornoz y Bravo de Lagunas to Diego Jos,2,"Letter from Pedro Carrillo de Albornoz y Bravo de Lagunas to Diego José, Fifth Count of Montemar (4/1/1761)",3,124,93,0.75,72,77.41935483870968
02_5318583_box1_f2_Letter from Pedro Carrillo de Albornoz y Bravo de Lagunas to Diego Jos,2,"Letter from Pedro Carrillo de Albornoz y Bravo de Lagunas to Diego José, Fifth Count of Montemar (4/1/1761)",4,70,57,0.8142857142857143,47,82.45614035087719
03_5318583_box1_f3_Letter from Pedro Carrillo de Albornoz y Bravo de Lagunas to Diego Jos,3,"Letter from Pedro Carrillo de Albornoz y Bravo de Lagunas to Diego José, Fifth Count of Montemar (8/27/1761)",1,105,76,0.7238095238095238,63,82.89473684210526
03_5318583_box1_f3_Letter from Pedro Carrillo de Albornoz y Bravo de Lagunas to Diego Jos,3,"Letter from Pedro Carrillo de Albornoz y Bravo de Lagunas to Diego José, Fifth Count of Montemar (8/27/1761)",2,107,81,0.7570093457943925,69,85.18518518518519
03_5318583_box1_f3_Letter from Pedro Carrillo de Albornoz y Bravo de Lagunas to Diego Jos,3,"Letter from Pedro Carrillo de Albornoz y Bravo de Lagunas to Diego José, Fifth Count of Montemar (8/27/1761)",3,117,81,0.6923076923076923,64,79.01234567901234
03_5318583_box1_f3_Letter from Pedro Carrillo de Albornoz y Bravo de Lagunas to Diego Jos,3,"Letter from Pedro Carrillo de Albornoz y Bravo de Lagunas to Diego José, Fifth Count of Montemar (8/27/1761)",4,118,88,0.7457627118644068,72,81.81818181818183
03_5318583_box1_f3_Letter from Pedro Carrillo de Albornoz y Bravo de Lagunas to Diego Jos,3,"Letter from Pedro Carrillo de Albornoz y Bravo de Lagunas to Diego José, Fifth Count of Montemar (8/27/1761)",5,111,86,0.7747747747747747,72,83.72093023255815
03_5318583_box1_f3_Letter from Pedro Carrillo de Albornoz y Bravo de Lagunas to Diego Jos,3,"Letter from Pedro Carrillo de Albornoz y Bravo de Lagunas to Diego José, Fifth Count of Montemar (8/27/1761)",6,133,98,0.7368421052631579,84,85.71428571428571
03_5318583_box1_f3_Letter from Pedro Carrillo de Albornoz y Bravo de Lagunas to Diego Jos,3,"Letter from Pedro Carrillo de Albornoz y Bravo de Lagunas to Diego José, Fifth Count of Montemar (8/27/1761)",7,0,0,0.0,0,0.0
03_5318583_box1_f3_Letter from Pedro Carrillo de Albornoz y Bravo de Lagunas to Diego Jos,3,"Letter from Pedro Carrillo de Albornoz y Bravo de Lagunas to Diego José, Fifth Count of Montemar (8/27/1761)",8,0,0,0.0,0,0.0
04_5318583_box1_f4_Letter from Pedro Carrillo de Albornoz y Bravo de Lagunas to Diego Jos,4,"Letter from Pedro Carrillo de Albornoz y Bravo de Lagunas to Diego José, Fifth Count of Montemar (10/26/1761)",1,113,89,0.7876106194690266,79,88.76404494382022
04_5318583_box1_f4_Letter from Pedro Carrillo de Albornoz y Bravo de Lagunas to Diego Jos,4,"Letter from Pedro Carrillo de Albornoz y Bravo de Lagunas to Diego José, Fifth Count of Montemar (10/26/1761)",2,130,96,0.7384615384615385,80,83.33333333333334
04_5318583_box1_f4_Letter from Pedro Carrillo de Albornoz y Bravo de Lagunas to Diego Jos,4,"Letter from Pedro Carrillo de Albornoz y Bravo de Lagunas to Diego José, Fifth Count of Montemar (10/26/1761)",3,131,98,0.7480916030534351,83,84.6938775510204
04_5318583_box1_f4_Letter from Pedro Carrillo de Albornoz y Bravo de Lagunas to Diego Jos,4,"Letter from Pedro Carrillo de Albornoz y Bravo de Lagunas to Diego José, Fifth Count of Montemar (10/26/1761)",4,141,95,0.6737588652482269,74,77.89473684210526
04_5318583_box1_f4_Letter from Pedro Carrillo de Albornoz y Bravo de Lagunas to Diego Jos,4,"Letter from Pedro Carrillo de Albornoz y Bravo de Lagunas to Diego José, Fifth Count of Montemar (10/26/1761)",5,118,87,0.7372881355932204,70,80.45977011494253
04_5318583_box1_f4_Letter from Pedro Carrillo de Albornoz y Bravo de Lagunas to Diego Jos,4,"Letter from Pedro Carrillo de Albornoz y Bravo de Lagunas to Diego José, Fifth Count of Montemar (10/26/1761)",6,122,93,0.7622950819672131,74,79.56989247311827
04_5318583_box1_f4_Letter from Pedro Carrillo de Albornoz y Bravo de Lagunas to Diego Jos,4,"Letter from Pedro Carrillo de Albornoz y Bravo de Lagunas to Diego José, Fifth Count of Montemar (10/26/1761)",7,121,87,0.71900826446281,68,78.16091954022988
04_5318583_box1_f4_Letter from Pedro Carrillo de Albornoz y Bravo de Lagunas to Diego Jos,4,"Letter from Pedro Carrillo de Albornoz y Bravo de Lagunas to Diego José, Fifth Count of Montemar (10/26/1761)",8,121,90,0.743801652892562,76,84.44444444444444
04_5318583_box1_f4_Letter from Pedro Carrillo de Albornoz y Bravo de Lagunas to Diego Jos,4,"Letter from Pedro Carrillo de Albornoz y Bravo de Lagunas to Diego José, Fifth Count of Montemar (10/26/1761)",9,116,87,0.75,72,82.75862068965517
04_5318583_box1_f4_Letter from Pedro Carrillo de Albornoz y Bravo de Lagunas to Diego Jos,4,"Letter from Pedro Carrillo de Albornoz y Bravo de Lagunas to Diego José, Fifth Count of Montemar (10/26/1761)",10,114,83,0.7280701754385965,69,83.13253012048193
04_5318583_box1_f4_Letter from Pedro Carrillo de Albornoz y Bravo de Lagunas to Diego Jos,4,"Letter from Pedro Carrillo de Albornoz y Bravo de Lagunas to Diego José, Fifth Count of Montemar (10/26/1761)",11,52,47,0.9038461538461539,42,89.36170212765957
04_5318583_box1_f4_Letter from Pedro Carrillo de Albornoz y Bravo de Lagunas to Diego Jos,4,"Letter from Pedro Carrillo de Albornoz y Bravo de Lagunas to Diego José, Fifth Count of Montemar (10/26/1761)",12,0,0,0.0,0,0.0
05_5318583_box1_f5_Letter from Pedro Carrillo de Albornoz y Bravo de Lagunas to Diego Jos,5,"Letter from Pedro Carrillo de Albornoz y Bravo de Lagunas to Diego José, Fifth Count of Montemar (6/24/1762)",1,110,86,0.7818181818181819,76,88.37209302325581
05_5318583_box1_f5_Letter from Pedro Carrillo de Albornoz y Bravo de Lagunas to Diego Jos,5,"Letter from Pedro Carrillo de Albornoz y Bravo de Lagunas to Diego José, Fifth Count of Montemar (6/24/1762)",2,135,99,0.7333333333333333,81,81.81818181818183
05_5318583_box1_f5_Letter from Pedro Carrillo de Albornoz y Bravo de Lagunas to Diego Jos,5,"Letter from Pedro Carrillo de Albornoz y Bravo de Lagunas to Diego José, Fifth Count of Montemar (6/24/1762)",3,129,92,0.7131782945736435,74,80.43478260869566
05_5318583_box1_f5_Letter from Pedro Carrillo de Albornoz y Bravo de Lagunas to Diego Jos,5,"Letter from Pedro Carrillo de Albornoz y Bravo de Lagunas to Diego José, Fifth Count of Montemar (6/24/1762)",4,110,86,0.7818181818181819,73,84.88372093023256
05_5318583_box1_f5_Letter from Pedro Carrillo de Albornoz y Bravo de Lagunas to Diego Jos,5,"Letter from Pedro Carrillo de Albornoz y Bravo de Lagunas to Diego José, Fifth Count of Montemar (6/24/1762)",5,102,80,0.7843137254901961,66,82.5
05_5318583_box1_f5_Letter from Pedro Carrillo de Albornoz y Bravo de Lagunas to Diego Jos,5,"Letter from Pedro Carrillo de Albornoz y Bravo de Lagunas to Diego José, Fifth Count of Montemar (6/24/1762)",6,125,94,0.752,76,80.85106382978722
05_5318583_box1_f5_Letter from Pedro Carrillo de Albornoz y Bravo de Lagunas to Diego Jos,5,"Letter from Pedro Carrillo de Albornoz y Bravo de Lagunas to Diego José, Fifth Count of Montemar (6/24/1762)",7,122,96,0.7868852459016393,83,86.45833333333334
05_5318583_box1_f5_Letter from Pedro Carrillo de Albornoz y Bravo de Lagunas to Diego Jos,5,"Letter from Pedro Carrillo de Albornoz y Bravo de Lagunas to Diego José, Fifth Count of Montemar (6/24/1762)",8,166,117,0.7048192771084337,95,81.19658119658119
05_5318583_box1_f5_Letter from Pedro Carrillo de Albornoz y Bravo de Lagunas to Diego Jos,5,"Letter from Pedro Carrillo de Albornoz y Bravo de Lagunas to Diego José, Fifth Count of Montemar (6/24/1762)",9,121,85,0.7024793388429752,67,78.82352941176471
05_5318583_box1_f5_Letter from Pedro Carrillo de Albornoz y Bravo de Lagunas to Diego Jos,5,"Letter from Pedro Carrillo de Albornoz y Bravo de Lagunas to Diego José, Fifth Count of Montemar (6/24/1762)",10,120,86,0.7166666666666667,69,80.23255813953489
05_5318583_box1_f5_Letter from Pedro Carrillo de Albornoz y Bravo de Lagunas to Diego Jos,5,"Letter from Pedro Carrillo de Albornoz y Bravo de Lagunas to Diego José, Fifth Count of Montemar (6/24/1762)",11,76,61,0.8026315789473685,51,83.60655737704919
05_5318583_box1_f5_Letter from Pedro Carrillo de Albornoz y Bravo de Lagunas to Diego Jos,5,"Letter from Pedro Carrillo de Albornoz y Bravo de Lagunas to Diego José, Fifth Count of Montemar (6/24/1762)",12,0,0,0.0,0,0.0
"06_5318583_box1_f6_Letter from Diego José, Fifth Count of Montemar to Marquis of Lara (8",6,"Letter from Diego José, Fifth Count of Montemar to Marquis of Lara (8/10/1762)",1,119,78,0.6554621848739496,63,80.76923076923077
"06_5318583_box1_f6_Letter from Diego José, Fifth Count of Montemar to Marquis of Lara (8",6,"Letter from Diego José, Fifth Count of Montemar to Marquis of Lara (8/10/1762)",2,133,95,0.7142857142857143,76,80.0
"06_5318583_box1_f6_Letter from Diego José, Fifth Count of Montemar to Marquis of Lara (8",6,"Letter from Diego José, Fifth Count of Montemar to Marquis of Lara (8/10/1762)",3,140,96,0.6857142857142857,76,79.16666666666666
"06_5318583_box1_f6_Letter from Diego José, Fifth Count of Montemar to Marquis of Lara (8",6,"Letter from Diego José, Fifth Count of Montemar to Marquis of Lara (8/10/1762)",4,141,103,0.7304964539007093,90,87.37864077669903
"06_5318583_box1_f6_Letter from Diego José, Fifth Count of Montemar to Marquis of Lara (8",6,"Letter from Diego José, Fifth Count of Montemar to Marquis of Lara (8/10/1762)",5,140,94,0.6714285714285714,77,81.91489361702128
"06_5318583_box1_f6_Letter from Diego José, Fifth Count of Montemar to Marquis of Lara (8",6,"Letter from Diego José, Fifth Count of Montemar to Marquis of Lara (8/10/1762)",6,133,102,0.7669172932330827,86,84.31372549019608
"06_5318583_box1_f6_Letter from Diego José, Fifth Count of Montemar to Marquis of Lara (8",6,"Letter from Diego José, Fifth Count of Montemar to Marquis of Lara (8/10/1762)",7,189,130,0.6878306878306878,109,83.84615384615385
"06_5318583_box1_f6_Letter from Diego José, Fifth Count of Montemar to Marquis of Lara (8",6,"Letter from Diego José, Fifth Count of Montemar to Marquis of Lara (8/10/1762)",8,179,124,0.6927374301675978,101,81.45161290322581
"06_5318583_box1_f6_Letter from Diego José, Fifth Count of Montemar to Marquis of Lara (8",6,"Letter from Diego José, Fifth Count of Montemar to Marquis of Lara (8/10/1762)",9,166,124,0.7469879518072289,104,83.87096774193549
"06_5318583_box1_f6_Letter from Diego José, Fifth Count of Montemar to Marquis of Lara (8",6,"Letter from Diego José, Fifth Count of Montemar to Marquis of Lara (8/10/1762)",10,173,129,0.7456647398843931,106,82.17054263565892
"06_5318583_box1_f6_Letter from Diego José, Fifth Count of Montemar to Marquis of Lara (8",6,"Letter from Diego José, Fifth Count of Montemar to Marquis of Lara (8/10/1762)",11,174,128,0.735632183908046,108,84.375
"06_5318583_box1_f6_Letter from Diego José, Fifth Count of Montemar to Marquis of Lara (8",6,"Letter from Diego José, Fifth Count of Montemar to Marquis of Lara (8/10/1762)",12,169,123,0.727810650887574,106,86.1788617886179
"06_5318583_box1_f6_Letter from Diego José, Fifth Count of Montemar to Marquis of Lara (8",6,"Letter from Diego José, Fifth Count of Montemar to Marquis of Lara (8/10/1762)",13,174,119,0.6839080459770115,94,78.99159663865547
"06_5318583_box1_f6_Letter from Diego José, Fifth Count of Montemar to Marquis of Lara (8",6,"Letter from Diego José, Fifth Count of Montemar to Marquis of Lara (8/10/1762)",14,178,117,0.6573033707865169,88,75.21367521367522
"06_5318583_box1_f6_Letter from Diego José, Fifth Count of Montemar to Marquis of Lara (8",6,"Letter from Diego José, Fifth Count of Montemar to Marquis of Lara (8/10/1762)",15,162,118,0.7283950617283951,97,82.20338983050848
"06_5318583_box1_f6_Letter from Diego José, Fifth Count of Montemar to Marquis of Lara (8",6,"Letter from Diego José, Fifth Count of Montemar to Marquis of Lara (8/10/1762)",16,155,121,0.7806451612903226,104,85.9504132231405
"06_5318583_box1_f6_Letter from Diego José, Fifth Count of Montemar to Marquis of Lara (8",6,"Letter from Diego José, Fifth Count of Montemar to Marquis of Lara (8/10/1762)",17,157,121,0.7707006369426752,106,87.60330578512396
"06_5318583_box1_f6_Letter from Diego José, Fifth Count of Montemar to Marquis of Lara (8",6,"Letter from Diego José, Fifth Count of Montemar to Marquis of Lara (8/10/1762)",18,152,111,0.7302631578947368,89,80.18018018018019
"06_5318583_box1_f6_Letter from Diego José, Fifth Count of Montemar to Marquis of Lara (8",6,"Letter from Diego José, Fifth Count of Montemar to Marquis of Lara (8/10/1762)",19,152,111,0.7302631578947368,96,86.48648648648648
"06_5318583_box1_f6_Letter from Diego José, Fifth Count of Montemar to Marquis of Lara (8",6,"Letter from Diego José, Fifth Count of Montemar to Marquis of Lara (8/10/1762)",20,22,20,0.9090909090909091,18,90.0
"07_5318583_box1_f7_Letter from Diego José, Fifth Count of Montemar to Juan Bautista Carri",7,"Letter from Diego José, Fifth Count of Montemar to Juan Bautista Carrillo de Albornoz y Bravo de Lagunas (8/13/1762)",1,105,80,0.7619047619047619,70,87.5
"07_5318583_box1_f7_Letter from Diego José, Fifth Count of Montemar to Juan Bautista Carri",7,"Letter from Diego José, Fifth Count of Montemar to Juan Bautista Carrillo de Albornoz y Bravo de Lagunas (8/13/1762)",2,125,89,0.712,69,77.52808988764045
"07_5318583_box1_f7_Letter from Diego José, Fifth Count of Montemar to Juan Bautista Carri",7,"Letter from Diego José, Fifth Count of Montemar to Juan Bautista Carrillo de Albornoz y Bravo de Lagunas (8/13/1762)",3,112,84,0.75,72,85.71428571428571
"07_5318583_box1_f7_Letter from Diego José, Fifth Count of Montemar to Juan Bautista Carri",7,"Letter from Diego José, Fifth Count of Montemar to Juan Bautista Carrillo de Albornoz y Bravo de Lagunas (8/13/1762)",4,105,79,0.7523809523809524,67,84.81012658227847
"07_5318583_box1_f7_Letter from Diego José, Fifth Count of Montemar to Juan Bautista Carri",7,"Letter from Diego José, Fifth Count of Montemar to Juan Bautista Carrillo de Albornoz y Bravo de Lagunas (8/13/1762)",5,101,79,0.7821782178217822,64,81.0126582278481
"07_5318583_box1_f7_Letter from Diego José, Fifth Count of Montemar to Juan Bautista Carri",7,"Letter from Diego José, Fifth Count of Montemar to Juan Bautista Carrillo de Albornoz y Bravo de Lagunas (8/13/1762)",6,107,78,0.7289719626168224,64,82.05128205128204
"07_5318583_box1_f7_Letter from Diego José, Fifth Count of Montemar to Juan Bautista Carri",7,"Letter from Diego José, Fifth Count of Montemar to Juan Bautista Carrillo de Albornoz y Bravo de Lagunas (8/13/1762)",7,122,92,0.7540983606557377,75,81.52173913043478
"07_5318583_box1_f7_Letter from Diego José, Fifth Count of Montemar to Juan Bautista Carri",7,"Letter from Diego José, Fifth Count of Montemar to Juan Bautista Carrillo de Albornoz y Bravo de Lagunas (8/13/1762)",8,0,0,0.0,0,0.0
"08_5318583_box1_f7b_Letter from Diego José, Fifth Count of Montemar to Juan Bautista Carri",8,"Letter from Diego José, Fifth Count of Montemar to Juan Bautista Carrillo de Albornoz y Bravo de Lagunas (8/13/1762)",1,100,74,0.74,62,83.78378378378379
"08_5318583_box1_f7b_Letter from Diego José, Fifth Count of Montemar to Juan Bautista Carri",8,"Letter from Diego José, Fifth Count of Montemar to Juan Bautista Carrillo de Albornoz y Bravo de Lagunas (8/13/1762)",2,112,77,0.6875,58,75.32467532467533
"08_5318583_box1_f7b_Letter from Diego José, Fifth Count of Montemar to Juan Bautista Carri",8,"Letter from Diego José, Fifth Count of Montemar to Juan Bautista Carrillo de Albornoz y Bravo de Lagunas (8/13/1762)",3,107,78,0.7289719626168224,66,84.61538461538461
"08_5318583_box1_f7b_Letter from Diego José, Fifth Count of Montemar to Juan Bautista Carri",8,"Letter from Diego José, Fifth Count of Montemar to Juan Bautista Carrillo de Albornoz y Bravo de Lagunas (8/13/1762)",4,119,90,0.7563025210084033,79,87.77777777777777
"08_5318583_box1_f7b_Letter from Diego José, Fifth Count of Montemar to Juan Bautista Carri",8,"Letter from Diego José, Fifth Count of Montemar to Juan Bautista Carrillo de Albornoz y Bravo de Lagunas (8/13/1762)",5,105,83,0.7904761904761904,68,81.92771084337349
"08_5318583_box1_f7b_Letter from Diego José, Fifth Count of Montemar to Juan Bautista Carri",8,"Letter from Diego José, Fifth Count of Montemar to Juan Bautista Carrillo de Albornoz y Bravo de Lagunas (8/13/1762)",6,115,84,0.7304347826086957,70,83.33333333333334
"08_5318583_box1_f7b_Letter from Diego José, Fifth Count of Montemar to Juan Bautista Carri",8,"Letter from Diego José, Fifth Count of Montemar to Juan Bautista Carrillo de Albornoz y Bravo de Lagunas (8/13/1762)",7,115,88,0.7652173913043478,72,81.81818181818183
"08_5318583_box1_f7b_Letter from Diego José, Fifth Count of Montemar to Juan Bautista Carri",8,"Letter from Diego José, Fifth Count of Montemar to Juan Bautista Carrillo de Albornoz y Bravo de Lagunas (8/13/1762)",8,0,0,0.0,0,0.0
"09_5318583_box1_f8_Letter from Diego José, Fifth Count of Montemar to Isabel de la Presa",9,"Letter from Diego José, Fifth Count of Montemar to Isabel de la Presa Carrillo de Albornoz (8/13/1762)",1,97,74,0.7628865979381443,62,83.78378378378379
"09_5318583_box1_f8_Letter from Diego José, Fifth Count of Montemar to Isabel de la Presa",9,"Letter from Diego José, Fifth Count of Montemar to Isabel de la Presa Carrillo de Albornoz (8/13/1762)",2,118,86,0.7288135593220338,70,81.3953488372093
"09_5318583_box1_f8_Letter from Diego José, Fifth Count of Montemar to Isabel de la Presa",9,"Letter from Diego José, Fifth Count of Montemar to Isabel de la Presa Carrillo de Albornoz (8/13/1762)",3,114,86,0.7543859649122807,75,87.20930232558139
"09_5318583_box1_f8_Letter from Diego José, Fifth Count of Montemar to Isabel de la Presa",9,"Letter from Diego José, Fifth Count of Montemar to Isabel de la Presa Carrillo de Albornoz (8/13/1762)",4,122,92,0.7540983606557377,76,82.6086956521739
"09_5318583_box1_f8_Letter from Diego José, Fifth Count of Montemar to Isabel de la Presa",9,"Letter from Diego José, Fifth Count of Montemar to Isabel de la Presa Carrillo de Albornoz (8/13/1762)",5,122,89,0.7295081967213115,72,80.89887640449437
"09_5318583_box1_f8_Letter from Diego José, Fifth Count of Montemar to Isabel de la Presa",9,"Letter from Diego José, Fifth Count of Montemar to Isabel de la Presa Carrillo de Albornoz (8/13/1762)",6,121,93,0.768595041322314,79,84.94623655913979
"09_5318583_box1_f8_Letter from Diego José, Fifth Count of Montemar to Isabel de la Presa",9,"Letter from Diego José, Fifth Count of Montemar to Isabel de la Presa Carrillo de Albornoz (8/13/1762)",7,3,3,1.0,3,100.0
"09_5318583_box1_f8_Letter from Diego José, Fifth Count of Montemar to Isabel de la Presa",9,"Letter from Diego José, Fifth Count of Montemar to Isabel de la Presa Carrillo de Albornoz (8/13/1762)",8,0,0,0.0,0,0.0
"10_5318583_box1_f8b_Letter from Diego José, Fifth Count of Montemar to Isabel de la Presa",10,"Letter from Diego José, Fifth Count of Montemar to Isabel de la Presa Carrillo de Albornoz (8/13/1762)",1,115,84,0.7304347826086957,70,83.33333333333334
"10_5318583_box1_f8b_Letter from Diego José, Fifth Count of Montemar to Isabel de la Presa",10,"Letter from Diego José, Fifth Count of Montemar to Isabel de la Presa Carrillo de Albornoz (8/13/1762)",2,121,94,0.7768595041322314,81,86.17021276595744
"10_5318583_box1_f8b_Letter from Diego José, Fifth Count of Montemar to Isabel de la Presa",10,"Letter from Diego José, Fifth Count of Montemar to Isabel de la Presa Carrillo de Albornoz (8/13/1762)",3,112,82,0.7321428571428571,67,81.70731707317073
"10_5318583_box1_f8b_Letter from Diego José, Fifth Count of Montemar to Isabel de la Presa",10,"Letter from Diego José, Fifth Count of Montemar to Isabel de la Presa Carrillo de Albornoz (8/13/1762)",4,120,92,0.7666666666666667,78,84.78260869565217
"10_5318583_box1_f8b_Letter from Diego José, Fifth Count of Montemar to Isabel de la Presa",10,"Letter from Diego José, Fifth Count of Montemar to Isabel de la Presa Carrillo de Albornoz (8/13/1762)",5,112,85,0.7589285714285714,72,84.70588235294117
"10_5318583_box1_f8b_Letter from Diego José, Fifth Count of Montemar to Isabel de la Presa",10,"Letter from Diego José, Fifth Count of Montemar to Isabel de la Presa Carrillo de Albornoz (8/13/1762)",6,108,85,0.7870370370370371,71,83.52941176470588
"11_5318583_box1_f9_Letter from Diego José, Fifth Count of Montemar to Marquis of Lara (12",11,"Letter from Diego José, Fifth Count of Montemar to Marquis of Lara (12/14/1762)",1,82,61,0.7439024390243902,53,86.88524590163934
"11_5318583_box1_f9_Letter from Diego José, Fifth Count of Montemar to Marquis of Lara (12",11,"Letter from Diego José, Fifth Count of Montemar to Marquis of Lara (12/14/1762)",2,93,69,0.7419354838709677,53,76.81159420289855
"11_5318583_box1_f9_Letter from Diego José, Fifth Count of Montemar to Marquis of Lara (12",11,"Letter from Diego José, Fifth Count of Montemar to Marquis of Lara (12/14/1762)",3,92,70,0.7608695652173914,57,81.42857142857143
"11_5318583_box1_f9_Letter from Diego José, Fifth Count of Montemar to Marquis of Lara (12",11,"Letter from Diego José, Fifth Count of Montemar to Marquis of Lara (12/14/1762)",4,106,82,0.7735849056603774,70,85.36585365853658
"11_5318583_box1_f9_Letter from Diego José, Fifth Count of Montemar to Marquis of Lara (12",11,"Letter from Diego José, Fifth Count of Montemar to Marquis of Lara (12/14/1762)",5,79,60,0.759493670886076,49,81.66666666666667
"11_5318583_box1_f9_Letter from Diego José, Fifth Count of Montemar to Marquis of Lara (12",11,"Letter from Diego José, Fifth Count of Montemar to Marquis of Lara (12/14/1762)",6,0,0,0.0,0,0.0
"12_5318583_box1_f10_Letter from Diego José, Fifth Count of Montemar to Marquis of Lara (1",12,"Letter from Diego José, Fifth Count of Montemar to Marquis of Lara (1/4/1763)",1,217,141,0.6497695852534562,111,78.72340425531915
"12_5318583_box1_f10_Letter from Diego José, Fifth Count of Montemar to Marquis of Lara (1",12,"Letter from Diego José, Fifth Count of Montemar to Marquis of Lara (1/4/1763)",2,260,165,0.6346153846153846,127,76.96969696969697
"12_5318583_box1_f10_Letter from Diego José, Fifth Count of Montemar to Marquis of Lara (1",12,"Letter from Diego José, Fifth Count of Montemar to Marquis of Lara (1/4/1763)",3,253,164,0.6482213438735178,136,82.92682926829268
"12_5318583_box1_f10_Letter from Diego José, Fifth Count of Montemar to Marquis of Lara (1",12,"Letter from Diego José, Fifth Count of Montemar to Marquis of Lara (1/4/1763)",4,253,163,0.6442687747035574,135,82.82208588957054
"12_5318583_box1_f10_Letter from Diego José, Fifth Count of Montemar to Marquis of Lara (1",12,"Letter from Diego José, Fifth Count of Montemar to Marquis of Lara (1/4/1763)",5,290,188,0.6482758620689655,152,80.85106382978722
"12_5318583_box1_f10_Letter from Diego José, Fifth Count of Montemar to Marquis of Lara (1",12,"Letter from Diego José, Fifth Count of Montemar to Marquis of Lara (1/4/1763)",6,297,193,0.6498316498316499,165,85.49222797927462
"12_5318583_box1_f10_Letter from Diego José, Fifth Count of Montemar to Marquis of Lara (1",12,"Letter from Diego José, Fifth Count of Montemar to Marquis of Lara (1/4/1763)",7,269,173,0.6431226765799256,140,80.92485549132948
"12_5318583_box1_f10_Letter from Diego José, Fifth Count of Montemar to Marquis of Lara (1",12,"Letter from Diego José, Fifth Count of Montemar to Marquis of Lara (1/4/1763)",8,277,184,0.6642599277978339,151,82.06521739130434
"12_5318583_box1_f10_Letter from Diego José, Fifth Count of Montemar to Marquis of Lara (1",12,"Letter from Diego José, Fifth Count of Montemar to Marquis of Lara (1/4/1763)",9,250,170,0.68,140,82.35294117647058
"12_5318583_box1_f10_Letter from Diego José, Fifth Count of Montemar to Marquis of Lara (1",12,"Letter from Diego José, Fifth Count of Montemar to Marquis of Lara (1/4/1763)",10,250,167,0.668,137,82.03592814371258
"12_5318583_box1_f10_Letter from Diego José, Fifth Count of Montemar to Marquis of Lara (1",12,"Letter from Diego José, Fifth Count of Montemar to Marquis of Lara (1/4/1763)",11,91,68,0.7472527472527473,59,86.76470588235294
"12_5318583_box1_f10_Letter from Diego José, Fifth Count of Montemar to Marquis of Lara (1",12,"Letter from Diego José, Fifth Count of Montemar to Marquis of Lara (1/4/1763)",12,0,0,0.0,0,0.0
"13_5318583_box1_f11_Letter from Diego José, Fifth Count of Montemar to Marquis of Lara, (8",13,"Letter from Diego José, Fifth Count of Montemar to Marquis of Lara, (8/23/1763)",1,102,72,0.7058823529411765,60,83.33333333333334
"13_5318583_box1_f11_Letter from Diego José, Fifth Count of Montemar to Marquis of Lara, (8",13,"Letter from Diego José, Fifth Count of Montemar to Marquis of Lara, (8/23/1763)",2,111,85,0.7657657657657657,72,84.70588235294117
"13_5318583_box1_f11_Letter from Diego José, Fifth Count of Montemar to Marquis of Lara, (8",13,"Letter from Diego José, Fifth Count of Montemar to Marquis of Lara, (8/23/1763)",3,112,86,0.7678571428571429,73,84.88372093023256
"13_5318583_box1_f11_Letter from Diego José, Fifth Count of Montemar to Marquis of Lara, (8",13,"Letter from Diego José, Fifth Count of Montemar to Marquis of Lara, (8/23/1763)",4,112,80,0.7142857142857143,62,77.5
"13_5318583_box1_f11_Letter from Diego José, Fifth Count of Montemar to Marquis of Lara, (8",13,"Letter from Diego José, Fifth Count of Montemar to Marquis of Lara, (8/23/1763)",5,112,81,0.7232142857142857,66,81.48148148148148
"13_5318583_box1_f11_Letter from Diego José, Fifth Count of Montemar to Marquis of Lara, (8",13,"Letter from Diego José, Fifth Count of Montemar to Marquis of Lara, (8/23/1763)",6,114,80,0.7017543859649122,60,75.0
"13_5318583_box1_f11_Letter from Diego José, Fifth Count of Montemar to Marquis of Lara, (8",13,"Letter from Diego José, Fifth Count of Montemar to Marquis of Lara, (8/23/1763)",7,112,84,0.75,71,84.52380952380952
"13_5318583_box1_f11_Letter from Diego José, Fifth Count of Montemar to Marquis of Lara, (8",13,"Letter from Diego José, Fifth Count of Montemar to Marquis of Lara, (8/23/1763)",8,118,89,0.7542372881355932,73,82.02247191011236
"13_5318583_box1_f11_Letter from Diego José, Fifth Count of Montemar to Marquis of Lara, (8",13,"Letter from Diego José, Fifth Count of Montemar to Marquis of Lara, (8/23/1763)",9,121,83,0.6859504132231405,64,77.10843373493977
"13_5318583_box1_f11_Letter from Diego José, Fifth Count of Montemar to Marquis of Lara, (8",13,"Letter from Diego José, Fifth Count of Montemar to Marquis of Lara, (8/23/1763)",10,103,78,0.7572815533980582,67,85.8974358974359
"13_5318583_box1_f11_Letter from Diego José, Fifth Count of Montemar to Marquis of Lara, (8",13,"Letter from Diego José, Fifth Count of Montemar to Marquis of Lara, (8/23/1763)",11,110,86,0.7818181818181819,74,86.04651162790698
"13_5318583_box1_f11_Letter from Diego José, Fifth Count of Montemar to Marquis of Lara, (8",13,"Letter from Diego José, Fifth Count of Montemar to Marquis of Lara, (8/23/1763)",12,111,74,0.6666666666666666,61,82.43243243243244
"13_5318583_box1_f11_Letter from Diego José, Fifth Count of Montemar to Marquis of Lara, (8",13,"Letter from Diego José, Fifth Count of Montemar to Marquis of Lara, (8/23/1763)",13,111,83,0.7477477477477478,72,86.74698795180723
"13_5318583_box1_f11_Letter from Diego José, Fifth Count of Montemar to Marquis of Lara, (8",13,"Letter from Diego José, Fifth Count of Montemar to Marquis of Lara, (8/23/1763)",14,110,79,0.7181818181818181,66,83.54430379746836
"13_5318583_box1_f11_Letter from Diego José, Fifth Count of Montemar to Marquis of Lara, (8",13,"Letter from Diego José, Fifth Count of Montemar to Marquis of Lara, (8/23/1763)",15,126,97,0.7698412698412699,84,86.5979381443299
"13_5318583_box1_f11_Letter from Diego José, Fifth Count of Montemar to Marquis of Lara, (8",13,"Letter from Diego José, Fifth Count of Montemar to Marquis of Lara, (8/23/1763)",16,122,92,0.7540983606557377,78,84.78260869565217
"13_5318583_box1_f11_Letter from Diego José, Fifth Count of Montemar to Marquis of Lara, (8",13,"Letter from Diego José, Fifth Count of Montemar to Marquis of Lara, (8/23/1763)",17,119,86,0.7226890756302521,73,84.88372093023256
"13_5318583_box1_f11_Letter from Diego José, Fifth Count of Montemar to Marquis of Lara, (8",13,"Letter from Diego José, Fifth Count of Montemar to Marquis of Lara, (8/23/1763)",18,124,89,0.717741935483871,76,85.39325842696628
"13_5318583_box1_f11_Letter from Diego José, Fifth Count of Montemar to Marquis of Lara, (8",13,"Letter from Diego José, Fifth Count of Montemar to Marquis of Lara, (8/23/1763)",19,125,86,0.688,67,77.90697674418605
"13_5318583_box1_f11_Letter from Diego José, Fifth Count of Montemar to Marquis of Lara, (8",13,"Letter from Diego José, Fifth Count of Montemar to Marquis of Lara, (8/23/1763)",20,111,84,0.7567567567567568,71,84.52380952380952
"13_5318583_box1_f11_Letter from Diego José, Fifth Count of Montemar to Marquis of Lara, (8",13,"Letter from Diego José, Fifth Count of Montemar to Marquis of Lara, (8/23/1763)",21,114,86,0.7543859649122807,72,83.72093023255815
"13_5318583_box1_f11_Letter from Diego José, Fifth Count of Montemar to Marquis of Lara, (8",13,"Letter from Diego José, Fifth Count of Montemar to Marquis of Lara, (8/23/1763)",22,115,93,0.808695652173913,80,86.02150537634408
"13_5318583_box1_f11_Letter from Diego José, Fifth Count of Montemar to Marquis of Lara, (8",13,"Letter from Diego José, Fifth Count of Montemar to Marquis of Lara, (8/23/1763)",23,134,96,0.7164179104477612,82,85.41666666666666
"13_5318583_box1_f11_Letter from Diego José, Fifth Count of Montemar to Marquis of Lara, (8",13,"Letter from Diego José, Fifth Count of Montemar to Marquis of Lara, (8/23/1763)",24,123,95,0.7723577235772358,83,87.36842105263159
"13_5318583_box1_f11_Letter from Diego José, Fifth Count of Montemar to Marquis of Lara, (8",13,"Letter from Diego José, Fifth Count of Montemar to Marquis of Lara, (8/23/1763)",25,118,92,0.7796610169491526,77,83.69565217391305
"13_5318583_box1_f11_Letter from Diego José, Fifth Count of Montemar to Marquis of Lara, (8",13,"Letter from Diego José, Fifth Count of Montemar to Marquis of Lara, (8/23/1763)",26,122,86,0.7049180327868853,70,81.3953488372093
"13_5318583_box1_f11_Letter from Diego José, Fifth Count of Montemar to Marquis of Lara, (8",13,"Letter from Diego José, Fifth Count of Montemar to Marquis of Lara, (8/23/1763)",27,139,91,0.6546762589928058,72,79.12087912087912
"13_5318583_box1_f11_Letter from Diego José, Fifth Count of Montemar to Marquis of Lara, (8",13,"Letter from Diego José, Fifth Count of Montemar to Marquis of Lara, (8/23/1763)",28,117,88,0.7521367521367521,74,84.0909090909091
"13_5318583_box1_f11_Letter from Diego José, Fifth Count of Montemar to Marquis of Lara, (8",13,"Letter from Diego José, Fifth Count of Montemar to Marquis of Lara, (8/23/1763)",29,121,83,0.6859504132231405,65,78.3132530120482
"13_5318583_box1_f11_Letter from Diego José, Fifth Count of Montemar to Marquis of Lara, (8",13,"Letter from Diego José, Fifth Count of Montemar to Marquis of Lara, (8/23/1763)",30,97,81,0.8350515463917526,70,86.41975308641975
"13_5318583_box1_f11_Letter from Diego José, Fifth Count of Montemar to Marquis of Lara, (8",13,"Letter from Diego José, Fifth Count of Montemar to Marquis of Lara, (8/23/1763)",31,42,35,0.8333333333333334,28,80.0
"13_5318583_box1_f11_Letter from Diego José, Fifth Count of Montemar to Marquis of Lara, (8",13,"Letter from Diego José, Fifth Count of Montemar to Marquis of Lara, (8/23/1763)",32,0,0,0.0,0,0.0
"14_5318583_box1_f12_Letter from Diego José, Fifth Count of Montemar to Christobal Mesia y",14,"Letter from Diego José, Fifth Count of Montemar to Christobal Mesia y Munive, Count of Sierrabella (8/23/1763)",1,92,72,0.782608695652174,62,86.11111111111111
"14_5318583_box1_f12_Letter from Diego José, Fifth Count of Montemar to Christobal Mesia y",14,"Letter from Diego José, Fifth Count of Montemar to Christobal Mesia y Munive, Count of Sierrabella (8/23/1763)",2,106,85,0.8018867924528302,70,82.35294117647058
"14_5318583_box1_f12_Letter from Diego José, Fifth Count of Montemar to Christobal Mesia y",14,"Letter from Diego José, Fifth Count of Montemar to Christobal Mesia y Munive, Count of Sierrabella (8/23/1763)",3,117,82,0.7008547008547008,63,76.82926829268293
"14_5318583_box1_f12_Letter from Diego José, Fifth Count of Montemar to Christobal Mesia y",14,"Letter from Diego José, Fifth Count of Montemar to Christobal Mesia y Munive, Count of Sierrabella (8/23/1763)",4,105,75,0.7142857142857143,61,81.33333333333333
"14_5318583_box1_f12_Letter from Diego José, Fifth Count of Montemar to Christobal Mesia y",14,"Letter from Diego José, Fifth Count of Montemar to Christobal Mesia y Munive, Count of Sierrabella (8/23/1763)",5,104,78,0.75,65,83.33333333333334
"14_5318583_box1_f12_Letter from Diego José, Fifth Count of Montemar to Christobal Mesia y",14,"Letter from Diego José, Fifth Count of Montemar to Christobal Mesia y Munive, Count of Sierrabella (8/23/1763)",6,103,84,0.8155339805825242,74,88.09523809523809
"14_5318583_box1_f12_Letter from Diego José, Fifth Count of Montemar to Christobal Mesia y",14,"Letter from Diego José, Fifth Count of Montemar to Christobal Mesia y Munive, Count of Sierrabella (8/23/1763)",7,25,24,0.96,23,95.83333333333334
"14_5318583_box1_f12_Letter from Diego José, Fifth Count of Montemar to Christobal Mesia y",14,"Letter from Diego José, Fifth Count of Montemar to Christobal Mesia y Munive, Count of Sierrabella (8/23/1763)",8,0,0,0.0,0,0.0
"15_5318583_box1_f13_Letter from Diego José, Fifth Count of Montemar to Marquis of Lara (12",15,"Letter from Diego José, Fifth Count of Montemar to Marquis of Lara (12/6/1763)",1,140,106,0.7571428571428571,91,85.84905660377359
"15_5318583_box1_f13_Letter from Diego José, Fifth Count of Montemar to Marquis of Lara (12",15,"Letter from Diego José, Fifth Count of Montemar to Marquis of Lara (12/6/1763)",2,171,108,0.631578947368421,85,78.70370370370371
"15_5318583_box1_f13_Letter from Diego José, Fifth Count of Montemar to Marquis of Lara (12",15,"Letter from Diego José, Fifth Count of Montemar to Marquis of Lara (12/6/1763)",3,162,116,0.7160493827160493,94,81.03448275862068
"15_5318583_box1_f13_Letter from Diego José, Fifth Count of Montemar to Marquis of Lara (12",15,"Letter from Diego José, Fifth Count of Montemar to Marquis of Lara (12/6/1763)",4,165,117,0.7090909090909091,94,80.34188034188034
"15_5318583_box1_f13_Letter from Diego José, Fifth Count of Montemar to Marquis of Lara (12",15,"Letter from Diego José, Fifth Count of Montemar to Marquis of Lara (12/6/1763)",5,172,119,0.6918604651162791,100,84.03361344537815
"15_5318583_box1_f13_Letter from Diego José, Fifth Count of Montemar to Marquis of Lara (12",15,"Letter from Diego José, Fifth Count of Montemar to Marquis of Lara (12/6/1763)",6,186,117,0.6290322580645161,91,77.77777777777779
"15_5318583_box1_f13_Letter from Diego José, Fifth Count of Montemar to Marquis of Lara (12",15,"Letter from Diego José, Fifth Count of Montemar to Marquis of Lara (12/6/1763)",7,170,125,0.7352941176470589,106,84.8
"15_5318583_box1_f13_Letter from Diego José, Fifth Count of Montemar to Marquis of Lara (12",15,"Letter from Diego José, Fifth Count of Montemar to Marquis of Lara (12/6/1763)",8,175,123,0.7028571428571428,99,80.48780487804879
"15_5318583_box1_f13_Letter from Diego José, Fifth Count of Montemar to Marquis of Lara (12",15,"Letter from Diego José, Fifth Count of Montemar to Marquis of Lara (12/6/1763)",9,179,131,0.7318435754189944,113,86.25954198473282
"15_5318583_box1_f13_Letter from Diego José, Fifth Count of Montemar to Marquis of Lara (12",15,"Letter from Diego José, Fifth Count of Montemar to Marquis of Lara (12/6/1763)",10,154,118,0.7662337662337663,99,83.89830508474576
"15_5318583_box1_f13_Letter from Diego José, Fifth Count of Montemar to Marquis of Lara (12",15,"Letter from Diego José, Fifth Count of Montemar to Marquis of Lara (12/6/1763)",11,162,116,0.7160493827160493,96,82.75862068965517
"15_5318583_box1_f13_Letter from Diego José, Fifth Count of Montemar to Marquis of Lara (12",15,"Letter from Diego José, Fifth Count of Montemar to Marquis of Lara (12/6/1763)",12,161,121,0.7515527950310559,103,85.12396694214877
"15_5318583_box1_f13_Letter from Diego José, Fifth Count of Montemar to Marquis of Lara (12",15,"Letter from Diego José, Fifth Count of Montemar to Marquis of Lara (12/6/1763)",13,147,102,0.6938775510204082,84,82.35294117647058
"15_5318583_box1_f13_Letter from Diego José, Fifth Count of Montemar to Marquis of Lara (12",15,"Letter from Diego José, Fifth Count of Montemar to Marquis of Lara (12/6/1763)",14,132,102,0.7727272727272727,89,87.25490196078431
"15_5318583_box1_f13_Letter from Diego José, Fifth Count of Montemar to Marquis of Lara (12",15,"Letter from Diego José, Fifth Count of Montemar to Marquis of Lara (12/6/1763)",15,13,13,1.0,13,100.0
"15_5318583_box1_f13_Letter from Diego José, Fifth Count of Montemar to Marquis of Lara (12",15,"Letter from Diego José, Fifth Count of Montemar to Marquis of Lara (12/6/1763)",16,0,0,0.0,0,0.0
"16_5318583_box1_f14_Letter from Diego José, Fifth Count of Montemar to unkown (12_13_1763)",16,"Letter from Diego José, Fifth Count of Montemar to unkown (12/13/1763)",1,127,96,0.7559055118110236,83,86.45833333333334
"16_5318583_box1_f14_Letter from Diego José, Fifth Count of Montemar to unkown (12_13_1763)",16,"Letter from Diego José, Fifth Count of Montemar to unkown (12/13/1763)",2,151,108,0.7152317880794702,92,85.18518518518519
"16_5318583_box1_f14_Letter from Diego José, Fifth Count of Montemar to unkown (12_13_1763)",16,"Letter from Diego José, Fifth Count of Montemar to unkown (12/13/1763)",3,146,105,0.7191780821917808,86,81.9047619047619
"16_5318583_box1_f14_Letter from Diego José, Fifth Count of Montemar to unkown (12_13_1763)",16,"Letter from Diego José, Fifth Count of Montemar to unkown (12/13/1763)",4,143,99,0.6923076923076923,82,82.82828282828282
"16_5318583_box1_f14_Letter from Diego José, Fifth Count of Montemar to unkown (12_13_1763)",16,"Letter from Diego José, Fifth Count of Montemar to unkown (12/13/1763)",5,150,91,0.6066666666666667,64,70.32967032967034
"16_5318583_box1_f14_Letter from Diego José, Fifth Count of Montemar to unkown (12_13_1763)",16,"Letter from Diego José, Fifth Count of Montemar to unkown (12/13/1763)",6,156,115,0.7371794871794872,98,85.21739130434783
"16_5318583_box1_f14_Letter from Diego José, Fifth Count of Montemar to unkown (12_13_1763)",16,"Letter from Diego José, Fifth Count of Montemar to unkown (12/13/1763)",7,140,99,0.7071428571428572,79,79.7979797979798
"16_5318583_box1_f14_Letter from Diego José, Fifth Count of Montemar to unkown (12_13_1763)",16,"Letter from Diego José, Fifth Count of Montemar to unkown (12/13/1763)",8,142,107,0.7535211267605634,89,83.17757009345794
"16_5318583_box1_f14_Letter from Diego José, Fifth Count of Montemar to unkown (12_13_1763)",16,"Letter from Diego José, Fifth Count of Montemar to unkown (12/13/1763)",9,152,103,0.6776315789473685,79,76.69902912621359
"16_5318583_box1_f14_Letter from Diego José, Fifth Count of Montemar to unkown (12_13_1763)",16,"Letter from Diego José, Fifth Count of Montemar to unkown (12/13/1763)",10,144,101,0.7013888888888888,87,86.13861386138613
"16_5318583_box1_f14_Letter from Diego José, Fifth Count of Montemar to unkown (12_13_1763)",16,"Letter from Diego José, Fifth Count of Montemar to unkown (12/13/1763)",11,137,98,0.7153284671532847,83,84.6938775510204
"16_5318583_box1_f14_Letter from Diego José, Fifth Count of Montemar to unkown (12_13_1763)",16,"Letter from Diego José, Fifth Count of Montemar to unkown (12/13/1763)",12,135,89,0.6592592592592592,73,82.02247191011236
"16_5318583_box1_f14_Letter from Diego José, Fifth Count of Montemar to unkown (12_13_1763)",16,"Letter from Diego José, Fifth Count of Montemar to unkown (12/13/1763)",13,141,101,0.7163120567375887,86,85.14851485148515
"16_5318583_box1_f14_Letter from Diego José, Fifth Count of Montemar to unkown (12_13_1763)",16,"Letter from Diego José, Fifth Count of Montemar to unkown (12/13/1763)",14,95,72,0.7578947368421053,67,93.05555555555556
17_5318583_box1_f15_Letter from Marquis of Lara to Mathias de la Vega (12_29_1763),17,Letter from Marquis of Lara to Mathias de la Vega (12/29/1763),1,104,69,0.6634615384615384,56,81.15942028985508
17_5318583_box1_f15_Letter from Marquis of Lara to Mathias de la Vega (12_29_1763),17,Letter from Marquis of Lara to Mathias de la Vega (12/29/1763),2,128,78,0.609375,60,76.92307692307693
17_5318583_box1_f15_Letter from Marquis of Lara to Mathias de la Vega (12_29_1763),17,Letter from Marquis of Lara to Mathias de la Vega (12/29/1763),3,115,84,0.7304347826086957,68,80.95238095238095
17_5318583_box1_f15_Letter from Marquis of Lara to Mathias de la Vega (12_29_1763),17,Letter from Marquis of Lara to Mathias de la Vega (12/29/1763),4,3,3,1.0,3,100.0
"18_5318583_box1_f16_Letter from Diego José, Fifth Count of Montemar to Count of Castillejo",18,"Letter from Diego José, Fifth Count of Montemar to Count of Castillejo (7/24/1764)",1,91,72,0.7912087912087912,65,90.27777777777779
"18_5318583_box1_f16_Letter from Diego José, Fifth Count of Montemar to Count of Castillejo",18,"Letter from Diego José, Fifth Count of Montemar to Count of Castillejo (7/24/1764)",2,101,80,0.7920792079207921,69,86.25
"18_5318583_box1_f16_Letter from Diego José, Fifth Count of Montemar to Count of Castillejo",18,"Letter from Diego José, Fifth Count of Montemar to Count of Castillejo (7/24/1764)",3,120,85,0.7083333333333334,69,81.17647058823529
"18_5318583_box1_f16_Letter from Diego José, Fifth Count of Montemar to Count of Castillejo",18,"Letter from Diego José, Fifth Count of Montemar to Count of Castillejo (7/24/1764)",4,122,88,0.7213114754098361,75,85.22727272727273
"18_5318583_box1_f16_Letter from Diego José, Fifth Count of Montemar to Count of Castillejo",18,"Letter from Diego José, Fifth Count of Montemar to Count of Castillejo (7/24/1764)",5,112,79,0.7053571428571429,61,77.21518987341773
"18_5318583_box1_f16_Letter from Diego José, Fifth Count of Montemar to Count of Castillejo",18,"Letter from Diego José, Fifth Count of Montemar to Count of Castillejo (7/24/1764)",6,110,85,0.7727272727272727,73,85.88235294117646
"18_5318583_box1_f16_Letter from Diego José, Fifth Count of Montemar to Count of Castillejo",18,"Letter from Diego José, Fifth Count of Montemar to Count of Castillejo (7/24/1764)",7,99,78,0.7878787878787878,70,89.74358974358975
"18_5318583_box1_f16_Letter from Diego José, Fifth Count of Montemar to Count of Castillejo",18,"Letter from Diego José, Fifth Count of Montemar to Count of Castillejo (7/24/1764)",8,105,85,0.8095238095238095,78,91.76470588235294
"18_5318583_box1_f16_Letter from Diego José, Fifth Count of Montemar to Count of Castillejo",18,"Letter from Diego José, Fifth Count of Montemar to Count of Castillejo (7/24/1764)",9,52,42,0.8076923076923077,36,85.71428571428571
"18_5318583_box1_f16_Letter from Diego José, Fifth Count of Montemar to Count of Castillejo",18,"Letter from Diego José, Fifth Count of Montemar to Count of Castillejo (7/24/1764)",10,0,0,0.0,0,0.0
"19_5318583_box1_f17_Letter from Diego José, Fifth Count of Montemar to Joseph Perfecto de",19,"Letter from Diego José, Fifth Count of Montemar to Joseph Perfecto de Salas (10/24/1764)",1,108,75,0.6944444444444444,63,84.0
"19_5318583_box1_f17_Letter from Diego José, Fifth Count of Montemar to Joseph Perfecto de",19,"Letter from Diego José, Fifth Count of Montemar to Joseph Perfecto de Salas (10/24/1764)",2,215,128,0.5953488372093023,100,78.125
"19_5318583_box1_f17_Letter from Diego José, Fifth Count of Montemar to Joseph Perfecto de",19,"Letter from Diego José, Fifth Count of Montemar to Joseph Perfecto de Salas (10/24/1764)",3,231,142,0.6147186147186147,110,77.46478873239437
"19_5318583_box1_f17_Letter from Diego José, Fifth Count of Montemar to Joseph Perfecto de",19,"Letter from Diego José, Fifth Count of Montemar to Joseph Perfecto de Salas (10/24/1764)",4,253,156,0.616600790513834,130,83.33333333333334
"19_5318583_box1_f17_Letter from Diego José, Fifth Count of Montemar to Joseph Perfecto de",19,"Letter from Diego José, Fifth Count of Montemar to Joseph Perfecto de Salas (10/24/1764)",5,257,155,0.603112840466926,124,80.0
"19_5318583_box1_f17_Letter from Diego José, Fifth Count of Montemar to Joseph Perfecto de",19,"Letter from Diego José, Fifth Count of Montemar to Joseph Perfecto de Salas (10/24/1764)",6,199,125,0.628140703517588,99,79.2
"19_5318583_box1_f17_Letter from Diego José, Fifth Count of Montemar to Joseph Perfecto de",19,"Letter from Diego José, Fifth Count of Montemar to Joseph Perfecto de Salas (10/24/1764)",7,218,156,0.7155963302752294,136,87.17948717948718
"19_5318583_box1_f17_Letter from Diego José, Fifth Count of Montemar to Joseph Perfecto de",19,"Letter from Diego José, Fifth Count of Montemar to Joseph Perfecto de Salas (10/24/1764)",8,0,0,0.0,0,0.0
20_5318583_box1_f18_Letter from Pedro Carrillo de Albornoz y Bravo de Lagunas to Diego Jos,20,"Letter from Pedro Carrillo de Albornoz y Bravo de Lagunas to Diego José, Fifth Count of Montemar (1/3/1765)",1,82,58,0.7073170731707317,49,84.48275862068965
20_5318583_box1_f18_Letter from Pedro Carrillo de Albornoz y Bravo de Lagunas to Diego Jos,20,"Letter from Pedro Carrillo de Albornoz y Bravo de Lagunas to Diego José, Fifth Count of Montemar (1/3/1765)",2,83,70,0.8433734939759037,64,91.42857142857143
20_5318583_box1_f18_Letter from Pedro Carrillo de Albornoz y Bravo de Lagunas to Diego Jos,20,"Letter from Pedro Carrillo de Albornoz y Bravo de Lagunas to Diego José, Fifth Count of Montemar (1/3/1765)",3,94,69,0.7340425531914894,58,84.05797101449275
20_5318583_box1_f18_Letter from Pedro Carrillo de Albornoz y Bravo de Lagunas to Diego Jos,20,"Letter from Pedro Carrillo de Albornoz y Bravo de Lagunas to Diego José, Fifth Count of Montemar (1/3/1765)",4,85,60,0.7058823529411765,49,81.66666666666667
20_5318583_box1_f18_Letter from Pedro Carrillo de Albornoz y Bravo de Lagunas to Diego Jos,20,"Letter from Pedro Carrillo de Albornoz y Bravo de Lagunas to Diego José, Fifth Count of Montemar (1/3/1765)",5,90,57,0.6333333333333333,43,75.43859649122807
20_5318583_box1_f18_Letter from Pedro Carrillo de Albornoz y Bravo de Lagunas to Diego Jos,20,"Letter from Pedro Carrillo de Albornoz y Bravo de Lagunas to Diego José, Fifth Count of Montemar (1/3/1765)",6,84,66,0.7857142857142857,54,81.81818181818183
20_5318583_box1_f18_Letter from Pedro Carrillo de Albornoz y Bravo de Lagunas to Diego Jos,20,"Letter from Pedro Carrillo de Albornoz y Bravo de Lagunas to Diego José, Fifth Count of Montemar (1/3/1765)",7,78,63,0.8076923076923077,54,85.71428571428571
20_5318583_box1_f18_Letter from Pedro Carrillo de Albornoz y Bravo de Lagunas to Diego Jos,20,"Letter from Pedro Carrillo de Albornoz y Bravo de Lagunas to Diego José, Fifth Count of Montemar (1/3/1765)",8,76,68,0.8947368421052632,62,91.17647058823529
"21_5318583_box1_f19_Letter from Diego José, Fifth Count of Montemar to Marquis of Lara (1",21,"Letter from Diego José, Fifth Count of Montemar to Marquis of Lara (1/23/1765)",1,90,68,0.7555555555555555,58,85.29411764705883
"21_5318583_box1_f19_Letter from Diego José, Fifth Count of Montemar to Marquis of Lara (1",21,"Letter from Diego José, Fifth Count of Montemar to Marquis of Lara (1/23/1765)",2,110,80,0.7272727272727273,66,82.5
"21_5318583_box1_f19_Letter from Diego José, Fifth Count of Montemar to Marquis of Lara (1",21,"Letter from Diego José, Fifth Count of Montemar to Marquis of Lara (1/23/1765)",3,86,67,0.7790697674418605,59,88.05970149253731
"21_5318583_box1_f19_Letter from Diego José, Fifth Count of Montemar to Marquis of Lara (1",21,"Letter from Diego José, Fifth Count of Montemar to Marquis of Lara (1/23/1765)",4,90,74,0.8222222222222222,63,85.13513513513513
"21_5318583_box1_f19_Letter from Diego José, Fifth Count of Montemar to Marquis of Lara (1",21,"Letter from Diego José, Fifth Count of Montemar to Marquis of Lara (1/23/1765)",5,91,68,0.7472527472527473,56,82.35294117647058
"21_5318583_box1_f19_Letter from Diego José, Fifth Count of Montemar to Marquis of Lara (1",21,"Letter from Diego José, Fifth Count of Montemar to Marquis of Lara (1/23/1765)",6,81,59,0.7283950617283951,48,81.35593220338984
"21_5318583_box1_f19_Letter from Diego José, Fifth Count of Montemar to Marquis of Lara (1",21,"Letter from Diego José, Fifth Count of Montemar to Marquis of Lara (1/23/1765)",7,82,64,0.7804878048780488,52,81.25
"21_5318583_box1_f19_Letter from Diego José, Fifth Count of Montemar to Marquis of Lara (1",21,"Letter from Diego José, Fifth Count of Montemar to Marquis of Lara (1/23/1765)",8,84,58,0.6904761904761905,48,82.75862068965517
"21_5318583_box1_f19_Letter from Diego José, Fifth Count of Montemar to Marquis of Lara (1",21,"Letter from Diego José, Fifth Count of Montemar to Marquis of Lara (1/23/1765)",9,84,59,0.7023809523809523,47,79.66101694915254
"21_5318583_box1_f19_Letter from Diego José, Fifth Count of Montemar to Marquis of Lara (1",21,"Letter from Diego José, Fifth Count of Montemar to Marquis of Lara (1/23/1765)",10,82,64,0.7804878048780488,54,84.375
"21_5318583_box1_f19_Letter from Diego José, Fifth Count of Montemar to Marquis of Lara (1",21,"Letter from Diego José, Fifth Count of Montemar to Marquis of Lara (1/23/1765)",11,79,60,0.759493670886076,47,78.33333333333333
"21_5318583_box1_f19_Letter from Diego José, Fifth Count of Montemar to Marquis of Lara (1",21,"Letter from Diego José, Fifth Count of Montemar to Marquis of Lara (1/23/1765)",12,76,64,0.8421052631578947,57,89.0625
"21_5318583_box1_f19_Letter from Diego José, Fifth Count of Montemar to Marquis of Lara (1",21,"Letter from Diego José, Fifth Count of Montemar to Marquis of Lara (1/23/1765)",13,77,64,0.8311688311688312,57,89.0625
"21_5318583_box1_f19_Letter from Diego José, Fifth Count of Montemar to Marquis of Lara (1",21,"Letter from Diego José, Fifth Count of Montemar to Marquis of Lara (1/23/1765)",14,72,61,0.8472222222222222,55,90.1639344262295
"21_5318583_box1_f19_Letter from Diego José, Fifth Count of Montemar to Marquis of Lara (1",21,"Letter from Diego José, Fifth Count of Montemar to Marquis of Lara (1/23/1765)",15,80,65,0.8125,59,90.76923076923077
"21_5318583_box1_f19_Letter from Diego José, Fifth Count of Montemar to Marquis of Lara (1",21,"Letter from Diego José, Fifth Count of Montemar to Marquis of Lara (1/23/1765)",16,75,52,0.6933333333333334,42,80.76923076923077
"21_5318583_box1_f19_Letter from Diego José, Fifth Count of Montemar to Marquis of Lara (1",21,"Letter from Diego José, Fifth Count of Montemar to Marquis of Lara (1/23/1765)",17,82,66,0.8048780487804879,54,81.81818181818183
"21_5318583_box1_f19_Letter from Diego José, Fifth Count of Montemar to Marquis of Lara (1",21,"Letter from Diego José, Fifth Count of Montemar to Marquis of Lara (1/23/1765)",18,89,66,0.7415730337078652,54,81.81818181818183
"21_5318583_box1_f19_Letter from Diego José, Fifth Count of Montemar to Marquis of Lara (1",21,"Letter from Diego José, Fifth Count of Montemar to Marquis of Lara (1/23/1765)",19,78,61,0.782051282051282,51,83.60655737704919
"21_5318583_box1_f19_Letter from Diego José, Fifth Count of Montemar to Marquis of Lara (1",21,"Letter from Diego José, Fifth Count of Montemar to Marquis of Lara (1/23/1765)",20,73,58,0.7945205479452054,50,86.20689655172413
"21_5318583_box1_f19_Letter from Diego José, Fifth Count of Montemar to Marquis of Lara (1",21,"Letter from Diego José, Fifth Count of Montemar to Marquis of Lara (1/23/1765)",21,104,79,0.7596153846153846,66,83.54430379746836
"21_5318583_box1_f19_Letter from Diego José, Fifth Count of Montemar to Marquis of Lara (1",21,"Letter from Diego José, Fifth Count of Montemar to Marquis of Lara (1/23/1765)",22,98,70,0.7142857142857143,57,81.42857142857143
"21_5318583_box1_f19_Letter from Diego José, Fifth Count of Montemar to Marquis of Lara (1",21,"Letter from Diego José, Fifth Count of Montemar to Marquis of Lara (1/23/1765)",23,104,79,0.7596153846153846,68,86.07594936708861
"21_5318583_box1_f19_Letter from Diego José, Fifth Count of Montemar to Marquis of Lara (1",21,"Letter from Diego José, Fifth Count of Montemar to Marquis of Lara (1/23/1765)",24,26,23,0.8846153846153846,21,91.30434782608695
"22_5318583_box1_f20_Letter from Diego José, Fifth Count of Montemar to unknown (1_29_1765)",22,"Letter from Diego José, Fifth Count of Montemar to unknown (1/29/1765)",1,122,85,0.6967213114754098,68,80.0
"22_5318583_box1_f20_Letter from Diego José, Fifth Count of Montemar to unknown (1_29_1765)",22,"Letter from Diego José, Fifth Count of Montemar to unknown (1/29/1765)",2,140,98,0.7,77,78.57142857142857
"22_5318583_box1_f20_Letter from Diego José, Fifth Count of Montemar to unknown (1_29_1765)",22,"Letter from Diego José, Fifth Count of Montemar to unknown (1/29/1765)",3,141,100,0.7092198581560284,82,82.0
"22_5318583_box1_f20_Letter from Diego José, Fifth Count of Montemar to unknown (1_29_1765)",22,"Letter from Diego José, Fifth Count of Montemar to unknown (1/29/1765)",4,143,115,0.8041958041958042,101,87.82608695652175
"23_5318583_box1_f21_Letter from Marquis of Lara to Diego José, Fifth Count of Montemar (3",23,"Letter from Marquis of Lara to Diego José, Fifth Count of Montemar (3/9/1765)",1,116,82,0.7068965517241379,68,82.92682926829268
"23_5318583_box1_f21_Letter from Marquis of Lara to Diego José, Fifth Count of Montemar (3",23,"Letter from Marquis of Lara to Diego José, Fifth Count of Montemar (3/9/1765)",2,150,105,0.7,88,83.80952380952381
"23_5318583_box1_f21_Letter from Marquis of Lara to Diego José, Fifth Count of Montemar (3",23,"Letter from Marquis of Lara to Diego José, Fifth Count of Montemar (3/9/1765)",3,138,108,0.782608695652174,93,86.11111111111111
"23_5318583_box1_f21_Letter from Marquis of Lara to Diego José, Fifth Count of Montemar (3",23,"Letter from Marquis of Lara to Diego José, Fifth Count of Montemar (3/9/1765)",4,190,124,0.6526315789473685,98,79.03225806451613
"23_5318583_box1_f21_Letter from Marquis of Lara to Diego José, Fifth Count of Montemar (3",23,"Letter from Marquis of Lara to Diego José, Fifth Count of Montemar (3/9/1765)",5,166,107,0.6445783132530121,85,79.43925233644859
"23_5318583_box1_f21_Letter from Marquis of Lara to Diego José, Fifth Count of Montemar (3",23,"Letter from Marquis of Lara to Diego José, Fifth Count of Montemar (3/9/1765)",6,180,123,0.6833333333333333,99,80.48780487804879
"23_5318583_box1_f21_Letter from Marquis of Lara to Diego José, Fifth Count of Montemar (3",23,"Letter from Marquis of Lara to Diego José, Fifth Count of Montemar (3/9/1765)",7,171,113,0.6608187134502924,92,81.41592920353983
"23_5318583_box1_f21_Letter from Marquis of Lara to Diego José, Fifth Count of Montemar (3",23,"Letter from Marquis of Lara to Diego José, Fifth Count of Montemar (3/9/1765)",8,163,106,0.6503067484662577,85,80.18867924528303
"23_5318583_box1_f21_Letter from Marquis of Lara to Diego José, Fifth Count of Montemar (3",23,"Letter from Marquis of Lara to Diego José, Fifth Count of Montemar (3/9/1765)",9,159,105,0.660377358490566,80,76.19047619047619
"23_5318583_box1_f21_Letter from Marquis of Lara to Diego José, Fifth Count of Montemar (3",23,"Letter from Marquis of Lara to Diego José, Fifth Count of Montemar (3/9/1765)",10,181,120,0.6629834254143646,97,80.83333333333333
"23_5318583_box1_f21_Letter from Marquis of Lara to Diego José, Fifth Count of Montemar (3",23,"Letter from Marquis of Lara to Diego José, Fifth Count of Montemar (3/9/1765)",11,178,113,0.6348314606741573,92,81.41592920353983
"23_5318583_box1_f21_Letter from Marquis of Lara to Diego José, Fifth Count of Montemar (3",23,"Letter from Marquis of Lara to Diego José, Fifth Count of Montemar (3/9/1765)",12,172,117,0.6802325581395349,97,82.90598290598291
"23_5318583_box1_f21_Letter from Marquis of Lara to Diego José, Fifth Count of Montemar (3",23,"Letter from Marquis of Lara to Diego José, Fifth Count of Montemar (3/9/1765)",13,151,109,0.7218543046357616,94,86.23853211009175
"23_5318583_box1_f21_Letter from Marquis of Lara to Diego José, Fifth Count of Montemar (3",23,"Letter from Marquis of Lara to Diego José, Fifth Count of Montemar (3/9/1765)",14,154,104,0.6753246753246753,84,80.76923076923077
"23_5318583_box1_f21_Letter from Marquis of Lara to Diego José, Fifth Count of Montemar (3",23,"Letter from Marquis of Lara to Diego José, Fifth Count of Montemar (3/9/1765)",15,178,117,0.6573033707865169,96,82.05128205128204
"23_5318583_box1_f21_Letter from Marquis of Lara to Diego José, Fifth Count of Montemar (3",23,"Letter from Marquis of Lara to Diego José, Fifth Count of Montemar (3/9/1765)",16,113,89,0.7876106194690266,75,84.26966292134831
24_5318583_box1_f22_Letter from Pedro Carrillo de Albornoz y Bravo de Lagunas to Diego Jos,24,"Letter from Pedro Carrillo de Albornoz y Bravo de Lagunas to Diego José, Fifth Count of Montemar (3/30/1765)",1,151,98,0.6490066225165563,80,81.63265306122449
24_5318583_box1_f22_Letter from Pedro Carrillo de Albornoz y Bravo de Lagunas to Diego Jos,24,"Letter from Pedro Carrillo de Albornoz y Bravo de Lagunas to Diego José, Fifth Count of Montemar (3/30/1765)",2,115,87,0.7565217391304347,73,83.9080459770115
24_5318583_box1_f22_Letter from Pedro Carrillo de Albornoz y Bravo de Lagunas to Diego Jos,24,"Letter from Pedro Carrillo de Albornoz y Bravo de Lagunas to Diego José, Fifth Count of Montemar (3/30/1765)",3,122,92,0.7540983606557377,76,82.6086956521739
24_5318583_box1_f22_Letter from Pedro Carrillo de Albornoz y Bravo de Lagunas to Diego Jos,24,"Letter from Pedro Carrillo de Albornoz y Bravo de Lagunas to Diego José, Fifth Count of Montemar (3/30/1765)",4,123,88,0.7154471544715447,72,81.81818181818183
24_5318583_box1_f22_Letter from Pedro Carrillo de Albornoz y Bravo de Lagunas to Diego Jos,24,"Letter from Pedro Carrillo de Albornoz y Bravo de Lagunas to Diego José, Fifth Count of Montemar (3/30/1765)",5,130,101,0.7769230769230769,87,86.13861386138613
24_5318583_box1_f22_Letter from Pedro Carrillo de Albornoz y Bravo de Lagunas to Diego Jos,24,"Letter from Pedro Carrillo de Albornoz y Bravo de Lagunas to Diego José, Fifth Count of Montemar (3/30/1765)",6,151,101,0.6688741721854304,79,78.21782178217822
24_5318583_box1_f22_Letter from Pedro Carrillo de Albornoz y Bravo de Lagunas to Diego Jos,24,"Letter from Pedro Carrillo de Albornoz y Bravo de Lagunas to Diego José, Fifth Count of Montemar (3/30/1765)",7,133,96,0.7218045112781954,78,81.25
24_5318583_box1_f22_Letter from Pedro Carrillo de Albornoz y Bravo de Lagunas to Diego Jos,24,"Letter from Pedro Carrillo de Albornoz y Bravo de Lagunas to Diego José, Fifth Count of Montemar (3/30/1765)",8,152,105,0.6907894736842105,89,84.76190476190476
24_5318583_box1_f22_Letter from Pedro Carrillo de Albornoz y Bravo de Lagunas to Diego Jos,24,"Letter from Pedro Carrillo de Albornoz y Bravo de Lagunas to Diego José, Fifth Count of Montemar (3/30/1765)",9,118,87,0.7372881355932204,74,85.0574712643678
24_5318583_box1_f22_Letter from Pedro Carrillo de Albornoz y Bravo de Lagunas to Diego Jos,24,"Letter from Pedro Carrillo de Albornoz y Bravo de Lagunas to Diego José, Fifth Count of Montemar (3/30/1765)",10,0,0,0.0,0,0.0
24_5318583_box1_f22_Letter from Pedro Carrillo de Albornoz y Bravo de Lagunas to Diego Jos,24,"Letter from Pedro Carrillo de Albornoz y Bravo de Lagunas to Diego José, Fifth Count of Montemar (3/30/1765)",11,0,0,0.0,0,0.0
24_5318583_box1_f22_Letter from Pedro Carrillo de Albornoz y Bravo de Lagunas to Diego Jos,24,"Letter from Pedro Carrillo de Albornoz y Bravo de Lagunas to Diego José, Fifth Count of Montemar (3/30/1765)",12,0,0,0.0,0,0.0
"25_5318583_box1_f23_Letter from Diego José, Fifth Count of Montemar to Nicolás Manrique de",25,"Letter from Diego José, Fifth Count of Montemar to Nicolás Manrique de Lara (8/20/1765)",1,156,114,0.7307692307692307,97,85.08771929824562
"25_5318583_box1_f23_Letter from Diego José, Fifth Count of Montemar to Nicolás Manrique de",25,"Letter from Diego José, Fifth Count of Montemar to Nicolás Manrique de Lara (8/20/1765)",2,182,130,0.7142857142857143,113,86.92307692307692
"25_5318583_box1_f23_Letter from Diego José, Fifth Count of Montemar to Nicolás Manrique de",25,"Letter from Diego José, Fifth Count of Montemar to Nicolás Manrique de Lara (8/20/1765)",3,172,114,0.6627906976744186,87,76.31578947368422
"25_5318583_box1_f23_Letter from Diego José, Fifth Count of Montemar to Nicolás Manrique de",25,"Letter from Diego José, Fifth Count of Montemar to Nicolás Manrique de Lara (8/20/1765)",4,169,120,0.7100591715976331,98,81.66666666666667
"25_5318583_box1_f23_Letter from Diego José, Fifth Count of Montemar to Nicolás Manrique de",25,"Letter from Diego José, Fifth Count of Montemar to Nicolás Manrique de Lara (8/20/1765)",5,202,126,0.6237623762376238,101,80.15873015873017
"25_5318583_box1_f23_Letter from Diego José, Fifth Count of Montemar to Nicolás Manrique de",25,"Letter from Diego José, Fifth Count of Montemar to Nicolás Manrique de Lara (8/20/1765)",6,165,111,0.6727272727272727,94,84.68468468468468
"26_5318583_box1_f24_Letter from a friend to Diego José, Fifth Count of Montemar (9_29_1765",26,"Letter from a friend to Diego José, Fifth Count of Montemar (9/29/1765)",1,210,129,0.6142857142857143,111,86.04651162790698
"26_5318583_box1_f24_Letter from a friend to Diego José, Fifth Count of Montemar (9_29_1765",26,"Letter from a friend to Diego José, Fifth Count of Montemar (9/29/1765)",2,264,148,0.5606060606060606,108,72.97297297297297
"27_5318583_box1_f25_Letter from Joseph Portocarrero Pallarés, Knight of the Order of Santi",27,"Letter from Joseph Portocarrero Pallarés, Knight of the Order of Santiago to Marquis of Lara (11/14/1765)",1,138,97,0.7028985507246377,77,79.38144329896907
"27_5318583_box1_f25_Letter from Joseph Portocarrero Pallarés, Knight of the Order of Santi",27,"Letter from Joseph Portocarrero Pallarés, Knight of the Order of Santiago to Marquis of Lara (11/14/1765)",2,139,99,0.7122302158273381,83,83.83838383838383
"27_5318583_box1_f25_Letter from Joseph Portocarrero Pallarés, Knight of the Order of Santi",27,"Letter from Joseph Portocarrero Pallarés, Knight of the Order of Santiago to Marquis of Lara (11/14/1765)",3,6,6,1.0,6,100.0
"27_5318583_box1_f25_Letter from Joseph Portocarrero Pallarés, Knight of the Order of Santi",27,"Letter from Joseph Portocarrero Pallarés, Knight of the Order of Santiago to Marquis of Lara (11/14/1765)",4,0,0,0.0,0,0.0
"28_5318583_box1_f26_Letter from Diego José, Fifth Count of Montemar to Marquis of Lara (11",28,"Letter from Diego José, Fifth Count of Montemar to Marquis of Lara (11/23/1765)",1,237,135,0.569620253164557,101,74.81481481481481
"28_5318583_box1_f26_Letter from Diego José, Fifth Count of Montemar to Marquis of Lara (11",28,"Letter from Diego José, Fifth Count of Montemar to Marquis of Lara (11/23/1765)",2,233,157,0.6738197424892703,125,79.61783439490446
"28_5318583_box1_f26_Letter from Diego José, Fifth Count of Montemar to Marquis of Lara (11",28,"Letter from Diego José, Fifth Count of Montemar to Marquis of Lara (11/23/1765)",3,250,152,0.608,128,84.21052631578947
"28_5318583_box1_f26_Letter from Diego José, Fifth Count of Montemar to Marquis of Lara (11",28,"Letter from Diego José, Fifth Count of Montemar to Marquis of Lara (11/23/1765)",4,243,162,0.6666666666666666,131,80.8641975308642
"28_5318583_box1_f26_Letter from Diego José, Fifth Count of Montemar to Marquis of Lara (11",28,"Letter from Diego José, Fifth Count of Montemar to Marquis of Lara (11/23/1765)",5,248,159,0.6411290322580645,129,81.13207547169812
"28_5318583_box1_f26_Letter from Diego José, Fifth Count of Montemar to Marquis of Lara (11",28,"Letter from Diego José, Fifth Count of Montemar to Marquis of Lara (11/23/1765)",6,257,145,0.5642023346303502,106,73.10344827586206
"28_5318583_box1_f26_Letter from Diego José, Fifth Count of Montemar to Marquis of Lara (11",28,"Letter from Diego José, Fifth Count of Montemar to Marquis of Lara (11/23/1765)",7,245,128,0.5224489795918368,89,69.53125
"28_5318583_box1_f26_Letter from Diego José, Fifth Count of Montemar to Marquis of Lara (11",28,"Letter from Diego José, Fifth Count of Montemar to Marquis of Lara (11/23/1765)",8,215,136,0.6325581395348837,112,82.35294117647058
"28_5318583_box1_f26_Letter from Diego José, Fifth Count of Montemar to Marquis of Lara (11",28,"Letter from Diego José, Fifth Count of Montemar to Marquis of Lara (11/23/1765)",9,229,133,0.5807860262008734,107,80.45112781954887
"28_5318583_box1_f26_Letter from Diego José, Fifth Count of Montemar to Marquis of Lara (11",28,"Letter from Diego José, Fifth Count of Montemar to Marquis of Lara (11/23/1765)",10,234,142,0.6068376068376068,114,80.28169014084507
"28_5318583_box1_f26_Letter from Diego José, Fifth Count of Montemar to Marquis of Lara (11",28,"Letter from Diego José, Fifth Count of Montemar to Marquis of Lara (11/23/1765)",11,250,149,0.596,118,79.19463087248322
"28_5318583_box1_f26_Letter from Diego José, Fifth Count of Montemar to Marquis of Lara (11",28,"Letter from Diego José, Fifth Count of Montemar to Marquis of Lara (11/23/1765)",12,251,132,0.5258964143426295,92,69.6969696969697
"28_5318583_box1_f26_Letter from Diego José, Fifth Count of Montemar to Marquis of Lara (11",28,"Letter from Diego José, Fifth Count of Montemar to Marquis of Lara (11/23/1765)",13,230,146,0.6347826086956522,114,78.08219178082192
"28_5318583_box1_f26_Letter from Diego José, Fifth Count of Montemar to Marquis of Lara (11",28,"Letter from Diego José, Fifth Count of Montemar to Marquis of Lara (11/23/1765)",14,239,134,0.5606694560669456,105,78.35820895522389
"28_5318583_box1_f26_Letter from Diego José, Fifth Count of Montemar to Marquis of Lara (11",28,"Letter from Diego José, Fifth Count of Montemar to Marquis of Lara (11/23/1765)",15,237,141,0.5949367088607594,112,79.43262411347519
"28_5318583_box1_f26_Letter from Diego José, Fifth Count of Montemar to Marquis of Lara (11",28,"Letter from Diego José, Fifth Count of Montemar to Marquis of Lara (11/23/1765)",16,222,137,0.6171171171171171,113,82.48175182481752
"28_5318583_box1_f26_Letter from Diego José, Fifth Count of Montemar to Marquis of Lara (11",28,"Letter from Diego José, Fifth Count of Montemar to Marquis of Lara (11/23/1765)",17,207,121,0.5845410628019324,94,77.68595041322314
"28_5318583_box1_f26_Letter from Diego José, Fifth Count of Montemar to Marquis of Lara (11",28,"Letter from Diego José, Fifth Count of Montemar to Marquis of Lara (11/23/1765)",18,193,123,0.6373056994818653,97,78.86178861788618
"28_5318583_box1_f26_Letter from Diego José, Fifth Count of Montemar to Marquis of Lara (11",28,"Letter from Diego José, Fifth Count of Montemar to Marquis of Lara (11/23/1765)",19,67,50,0.746268656716418,42,84.0
"28_5318583_box1_f26_Letter from Diego José, Fifth Count of Montemar to Marquis of Lara (11",28,"Letter from Diego José, Fifth Count of Montemar to Marquis of Lara (11/23/1765)",20,0,0,0.0,0,0.0
"29_5318583_box1_f27_Letter from Diego José, Fifth Count of Montemar to Rosa, Marchioness o",29,"Letter from Diego José, Fifth Count of Montemar to Rosa, Marchioness of Lara (11/23/1765)",1,137,100,0.7299270072992701,86,86.0
"29_5318583_box1_f27_Letter from Diego José, Fifth Count of Montemar to Rosa, Marchioness o",29,"Letter from Diego José, Fifth Count of Montemar to Rosa, Marchioness of Lara (11/23/1765)",2,155,114,0.7354838709677419,93,81.57894736842105
"29_5318583_box1_f27_Letter from Diego José, Fifth Count of Montemar to Rosa, Marchioness o",29,"Letter from Diego José, Fifth Count of Montemar to Rosa, Marchioness of Lara (11/23/1765)",3,54,47,0.8703703703703703,43,91.48936170212765
"29_5318583_box1_f27_Letter from Diego José, Fifth Count of Montemar to Rosa, Marchioness o",29,"Letter from Diego José, Fifth Count of Montemar to Rosa, Marchioness of Lara (11/23/1765)",4,0,0,0.0,0,0.0
"30_5318583_box1_f28_Letter from Diego José, Fifth Count of Montemar to Juan Bautista Carri",30,"Letter from Diego José, Fifth Count of Montemar to Juan Bautista Carrillo de Albornoz y Bravo de Lagunas (11/23/1765)",1,154,106,0.6883116883116883,91,85.84905660377359
"30_5318583_box1_f28_Letter from Diego José, Fifth Count of Montemar to Juan Bautista Carri",30,"Letter from Diego José, Fifth Count of Montemar to Juan Bautista Carrillo de Albornoz y Bravo de Lagunas (11/23/1765)",2,173,105,0.6069364161849711,82,78.0952380952381
"30_5318583_box1_f28_Letter from Diego José, Fifth Count of Montemar to Juan Bautista Carri",30,"Letter from Diego José, Fifth Count of Montemar to Juan Bautista Carrillo de Albornoz y Bravo de Lagunas (11/23/1765)",3,155,104,0.6709677419354839,87,83.65384615384616
"30_5318583_box1_f28_Letter from Diego José, Fifth Count of Montemar to Juan Bautista Carri",30,"Letter from Diego José, Fifth Count of Montemar to Juan Bautista Carrillo de Albornoz y Bravo de Lagunas (11/23/1765)",4,171,106,0.6198830409356725,81,76.41509433962264
"30_5318583_box1_f28_Letter from Diego José, Fifth Count of Montemar to Juan Bautista Carri",30,"Letter from Diego José, Fifth Count of Montemar to Juan Bautista Carrillo de Albornoz y Bravo de Lagunas (11/23/1765)",5,148,99,0.668918918918919,81,81.81818181818183
"30_5318583_box1_f28_Letter from Diego José, Fifth Count of Montemar to Juan Bautista Carri",30,"Letter from Diego José, Fifth Count of Montemar to Juan Bautista Carrillo de Albornoz y Bravo de Lagunas (11/23/1765)",6,156,108,0.6923076923076923,87,80.55555555555556
"30_5318583_box1_f28_Letter from Diego José, Fifth Count of Montemar to Juan Bautista Carri",30,"Letter from Diego José, Fifth Count of Montemar to Juan Bautista Carrillo de Albornoz y Bravo de Lagunas (11/23/1765)",7,157,106,0.6751592356687898,82,77.35849056603774
"30_5318583_box1_f28_Letter from Diego José, Fifth Count of Montemar to Juan Bautista Carri",30,"Letter from Diego José, Fifth Count of Montemar to Juan Bautista Carrillo de Albornoz y Bravo de Lagunas (11/23/1765)",8,156,95,0.6089743589743589,72,75.78947368421053
"30_5318583_box1_f28_Letter from Diego José, Fifth Count of Montemar to Juan Bautista Carri",30,"Letter from Diego José, Fifth Count of Montemar to Juan Bautista Carrillo de Albornoz y Bravo de Lagunas (11/23/1765)",9,134,96,0.7164179104477612,79,82.29166666666666
"30_5318583_box1_f28_Letter from Diego José, Fifth Count of Montemar to Juan Bautista Carri",30,"Letter from Diego José, Fifth Count of Montemar to Juan Bautista Carrillo de Albornoz y Bravo de Lagunas (11/23/1765)",10,6,6,1.0,6,100.0
"31_5318583_box1_f29_Letter from Diego José, Fifth Count of Montemar to Pedro Carrillo de A",31,"Letter from Diego José, Fifth Count of Montemar to Pedro Carrillo de Albornoz y Bravo de Lagunas (12/3/1765)",1,99,77,0.7777777777777778,65,84.4155844155844
"31_5318583_box1_f29_Letter from Diego José, Fifth Count of Montemar to Pedro Carrillo de A",31,"Letter from Diego José, Fifth Count of Montemar to Pedro Carrillo de Albornoz y Bravo de Lagunas (12/3/1765)",2,126,88,0.6984126984126984,72,81.81818181818183
"31_5318583_box1_f29_Letter from Diego José, Fifth Count of Montemar to Pedro Carrillo de A",31,"Letter from Diego José, Fifth Count of Montemar to Pedro Carrillo de Albornoz y Bravo de Lagunas (12/3/1765)",3,181,116,0.6408839779005525,91,78.44827586206897
"31_5318583_box1_f29_Letter from Diego José, Fifth Count of Montemar to Pedro Carrillo de A",31,"Letter from Diego José, Fifth Count of Montemar to Pedro Carrillo de Albornoz y Bravo de Lagunas (12/3/1765)",4,142,102,0.7183098591549296,86,84.31372549019608
"31_5318583_box1_f29_Letter from Diego José, Fifth Count of Montemar to Pedro Carrillo de A",31,"Letter from Diego José, Fifth Count of Montemar to Pedro Carrillo de Albornoz y Bravo de Lagunas (12/3/1765)",5,158,101,0.6392405063291139,79,78.21782178217822
"31_5318583_box1_f29_Letter from Diego José, Fifth Count of Montemar to Pedro Carrillo de A",31,"Letter from Diego José, Fifth Count of Montemar to Pedro Carrillo de Albornoz y Bravo de Lagunas (12/3/1765)",6,150,99,0.66,81,81.81818181818183
"31_5318583_box1_f29_Letter from Diego José, Fifth Count of Montemar to Pedro Carrillo de A",31,"Letter from Diego José, Fifth Count of Montemar to Pedro Carrillo de Albornoz y Bravo de Lagunas (12/3/1765)",7,143,94,0.6573426573426573,74,78.72340425531915
"31_5318583_box1_f29_Letter from Diego José, Fifth Count of Montemar to Pedro Carrillo de A",31,"Letter from Diego José, Fifth Count of Montemar to Pedro Carrillo de Albornoz y Bravo de Lagunas (12/3/1765)",8,11,11,1.0,11,100.0
"32_5318583_box1_f30_Letter from Diego José, Fifth Count of Montemar to Joseph Perfecto de",32,"Letter from Diego José, Fifth Count of Montemar to Joseph Perfecto de Salas (12/3/1765)",1,121,87,0.71900826446281,72,82.75862068965517
"32_5318583_box1_f30_Letter from Diego José, Fifth Count of Montemar to Joseph Perfecto de",32,"Letter from Diego José, Fifth Count of Montemar to Joseph Perfecto de Salas (12/3/1765)",2,126,87,0.6904761904761905,73,83.9080459770115
"32_5318583_box1_f30_Letter from Diego José, Fifth Count of Montemar to Joseph Perfecto de",32,"Letter from Diego José, Fifth Count of Montemar to Joseph Perfecto de Salas (12/3/1765)",3,131,83,0.6335877862595419,64,77.10843373493977
"32_5318583_box1_f30_Letter from Diego José, Fifth Count of Montemar to Joseph Perfecto de",32,"Letter from Diego José, Fifth Count of Montemar to Joseph Perfecto de Salas (12/3/1765)",4,151,99,0.6556291390728477,77,77.77777777777779
"32_5318583_box1_f30_Letter from Diego José, Fifth Count of Montemar to Joseph Perfecto de",32,"Letter from Diego José, Fifth Count of Montemar to Joseph Perfecto de Salas (12/3/1765)",5,149,97,0.6510067114093959,79,81.44329896907216
"32_5318583_box1_f30_Letter from Diego José, Fifth Count of Montemar to Joseph Perfecto de",32,"Letter from Diego José, Fifth Count of Montemar to Joseph Perfecto de Salas (12/3/1765)",6,164,97,0.5914634146341463,78,80.41237113402062
"32_5318583_box1_f30_Letter from Diego José, Fifth Count of Montemar to Joseph Perfecto de",32,"Letter from Diego José, Fifth Count of Montemar to Joseph Perfecto de Salas (12/3/1765)",7,137,96,0.7007299270072993,78,81.25
"32_5318583_box1_f30_Letter from Diego José, Fifth Count of Montemar to Joseph Perfecto de",32,"Letter from Diego José, Fifth Count of Montemar to Joseph Perfecto de Salas (12/3/1765)",8,163,114,0.6993865030674846,93,81.57894736842105
"32_5318583_box1_f30_Letter from Diego José, Fifth Count of Montemar to Joseph Perfecto de",32,"Letter from Diego José, Fifth Count of Montemar to Joseph Perfecto de Salas (12/3/1765)",9,162,114,0.7037037037037037,95,83.33333333333334
"32_5318583_box1_f30_Letter from Diego José, Fifth Count of Montemar to Joseph Perfecto de",32,"Letter from Diego José, Fifth Count of Montemar to Joseph Perfecto de Salas (12/3/1765)",10,55,46,0.8363636363636363,43,93.47826086956522
